"","animal_id","animal_project_code","tag_serial_number","tag_type","tag_subtype","acoustic_tag_id","acoustic_tag_id_alternative","scientific_name","common_name","aphia_id","animal_label","animal_nickname","tagger","capture_date_time","capture_location","capture_latitude","capture_longitude","capture_method","capture_depth","capture_temperature_change","release_date_time","release_location","release_latitude","release_longitude","recapture_date_time","length1_type","length1","length1_unit","length2_type","length2","length2_unit","length3_type","length3","length3_unit","length4_type","length4","length4_unit","weight","weight_unit","age","age_unit","sex","life_stage","wild_or_hatchery","stock","surgery_date_time","surgery_location","surgery_latitude","surgery_longitude","treatment_type","tagging_type","tagging_methodology","dna_sample","sedative","sedative_concentration","anaesthetic","buffer","anaesthetic_concentration","buffer_concentration_in_anaesthetic","anaesthetic_concentration_in_recirculation","buffer_concentration_in_recirculation","dissolved_oxygen","pre_surgery_holding_period","post_surgery_holding_period","holding_temperature","comments","tag_date"
"1",3107,"PhD_Goossens","1292677","acoustic-archival","animal","A69-9006-3717",",","Dicentrarchus labrax","European seabass",126975,NA,NA,",",2018-06-07 08:00:00,"Wenduinebank",51.29638,2.95651667,"line fishing",NA,NA,2018-06-07 09:00:00,"Wenduinebank",51.29638,2.95651667,NA,"fork length",52,"cm",NA,NA,NA,NA,NA,NA,NA,NA,NA,NA,NA,NA,NA,"unknown",NA,NA,NA,NA,NA,NA,NA,NA,"internal,internal","inserted in abdominal cavity, midventral line incision, 3 stitches using non-absorbable filament,inserted in abdominal cavity, midventral line incision, 3 stitches using non-absorbable filament","YES, sample 1",NA,NA,"clove oil",NA,"0.05 ml/L",NA,NA,NA,NA,NA,NA,NA,"tag activation time 09:55:16 (local time)",2018-06-07
"2",3108,"PhD_Goossens","1292676","acoustic-archival","animal","A69-9006-3714",",","Dicentrarchus labrax","European seabass",126975,NA,NA,",",2018-06-07 12:30:00,"Wenduinebank",51.29638,2.95651667,"line fishing",NA,NA,2018-06-07 13:00:00,"Wenduinebank",51.29638,2.95651667,2019-05-04,"fork length",37,"cm",NA,NA,NA,NA,NA,NA,NA,NA,NA,NA,NA,NA,NA,"unknown",NA,"wild",NA,NA,NA,NA,NA,NA,"internal,internal","inserted in abdominal cavity, midventral line incision, 3 stitches using non-absorbable filament,inserted in abdominal cavity, midventral line incision, 3 stitches using non-absorbable filament","YES, sample 2 (not sure)",NA,NA,"clove oil",NA,"0.05 ml/L",NA,NA,NA,NA,NA,NA,NA,"tag activation time 14:24:00 (local time), recaptured at Isle of Wight (tag never recovered)",2018-06-07
"3",3122,"PhD_Goossens","1271074","acoustic-archival","animal","A69-9006-943",",","Dicentrarchus labrax","European seabass",126975,NA,NA,",",2018-06-25,"C9",51.6476,2.78799,"line fishing","25-30m",NA,2018-06-25,"C9",51.6476,2.78799,NA,"total length",33,"cm",NA,NA,NA,NA,NA,NA,NA,NA,NA,NA,NA,NA,NA,"unknown",NA,"wild",NA,2018-06-25,"on RV, near catch location",NA,NA,NA,"internal,internal","abdominal cavity, closed with 3 monofilament stitches,abdominal cavity, closed with 3 monofilament stitches","No","Clove Oil",NA,NA,NA,NA,NA,NA,NA,NA,NA,NA,NA,NA,2018-06-25
"4",3109,"PhD_Goossens","1292672","acoustic-archival","animal","A69-9006-3707",",","Dicentrarchus labrax","European seabass",126975,"2819",NA,",",2018-07-01 05:30:00,"Zeebrugge westerdam",51.36212,3.186953,"line fishing",NA,NA,2018-07-01 06:00:00,"Zeebrugge westerdam strand",51.361523,3.184988,NA,"total length",55,"cm",NA,NA,NA,NA,NA,NA,NA,NA,NA,NA,NA,NA,NA,"unknown",NA,"wild",NA,NA,NA,NA,NA,NA,",",",",NA,NA,NA,NA,NA,NA,NA,NA,NA,NA,NA,NA,NA,"tag activation time 05:51 (UTC); DNA sample 5; Peterson disc 2819",2018-07-01
"5",3150,"PhD_Goossens","1292671","acoustic-archival","animal","A69-9006-3705",",","Dicentrarchus labrax","European seabass",126975,"2818",NA,",",2018-07-01 06:00:00,"Zeebrugge westerdam",51.36212,3.186953,"line fishing","3-10m",NA,2018-07-01 06:30:00,"Zeebrugge westerdam strand",51.361523,3.184988,NA,"total length",59,"cm",NA,NA,NA,NA,NA,NA,NA,NA,NA,NA,NA,NA,NA,"unknown",NA,"wild",NA,2018-07-01 06:09:00,"on beach, near catch location",NA,NA,NA,"internal,internal","abdominal cavity, closed with 3 monofilament stitches,abdominal cavity, closed with 3 monofilament stitches","yes, sample 6 (possibly polluted)","Clove Oil",NA,NA,NA,NA,NA,NA,NA,NA,NA,NA,NA,"tag activation time 06:09 (UTC)",2018-07-01
"6",3151,"PhD_Goossens","1292670","acoustic-archival","animal","A69-9006-3703",",","Dicentrarchus labrax","European seabass",126975,"2817",NA,",",2018-07-01 06:00:00,"Zeebrugge westerdam",51.36212,3.186953,"line fishing","3-10m",NA,2018-07-01 07:00:00,"Zeebrugge westerdam strand",51.361523,3.184988,NA,"total length",53,"cm",NA,NA,NA,NA,NA,NA,NA,NA,NA,NA,NA,NA,NA,"unknown",NA,"wild",NA,2018-07-01 06:21:00,"on beach, near catch location",NA,NA,NA,"internal,internal","abdominal cavity, closed with 3 monofilament stitches,abdominal cavity, closed with 3 monofilament stitches","no","Clove Oil",NA,NA,NA,NA,NA,NA,NA,NA,NA,NA,NA,"tag activation time 06:21 (UTC)",2018-07-01
"7",3152,"PhD_Goossens","1292669","acoustic-archival","animal","A69-9006-3701",",","Dicentrarchus labrax","European seabass",126975,"2816",NA,",",2018-07-01 06:00:00,"Zeebrugge westerdam",51.36212,3.186953,"line fishing","3-10m",NA,2018-07-01 07:00:00,"Zeebrugge westerdam strand",51.361523,3.184988,NA,"total length",61,"cm",NA,NA,NA,NA,NA,NA,NA,NA,NA,NA,NA,NA,NA,"unknown",NA,"wild",NA,2018-07-01 06:31:00,"on beach, near catch location",NA,NA,NA,"internal,internal","abdominal cavity, closed with 3 monofilament stitches,abdominal cavity, closed with 3 monofilament stitches","yes, sample 7","Clove Oil",NA,NA,NA,NA,NA,NA,NA,NA,NA,NA,NA,"tag activation time 06:31 (UTC)",2018-07-01
"8",3153,"PhD_Goossens","1292668","acoustic-archival","animal","A69-9006-3699",",","Dicentrarchus labrax","European seabass",126975,"2815",NA,",",2018-07-01 06:30:00,"Zeebrugge westerdam",51.36212,3.186953,"line fishing","3-10m",NA,2018-07-01 07:00:00,"Zeebrugge westerdam strand",51.361523,3.184988,NA,"total length",41,"cm",NA,NA,NA,NA,NA,NA,NA,NA,NA,NA,NA,NA,NA,"unknown",NA,"wild",NA,2018-07-01 06:44:00,"on beach, near catch location",NA,NA,NA,"internal,internal","abdominal cavity, closed with 3 monofilament stitches,abdominal cavity, closed with 3 monofilament stitches","yes, sample 8","Clove Oil",NA,NA,NA,NA,NA,NA,NA,NA,NA,NA,NA,"tag activation time 06:44 (UTC)",2018-07-01
"9",3154,"PhD_Goossens","1292667","acoustic-archival","animal","A69-9006-3697",",","Dicentrarchus labrax","European seabass",126975,"2814",NA,",",2018-07-01 06:30:00,"Zeebrugge westerdam",51.36212,3.186953,"line fishing","3-10m",NA,2018-07-01 07:30:00,"Zeebrugge westerdam strand",51.361523,3.184988,NA,"total length",55,"cm",NA,NA,NA,NA,NA,NA,NA,NA,NA,NA,NA,NA,NA,"unknown",NA,"wild",NA,2018-07-01 06:53:00,"on beach, near catch location",NA,NA,NA,"internal,internal","abdominal cavity, closed with 3 monofilament stitches,abdominal cavity, closed with 3 monofilament stitches","yes, sample 9","Clove Oil",NA,NA,NA,NA,NA,NA,NA,NA,NA,NA,NA,"tag activation time 06:53 (UTC)",2018-07-01
"10",3155,"PhD_Goossens","1292666","acoustic-archival","animal","A69-9006-3694",",","Dicentrarchus labrax","European seabass",126975,"2813",NA,",",2018-07-01 06:30:00,"Zeebrugge westerdam",51.36212,3.186953,"line fishing","3-10m",NA,2018-07-01 07:30:00,"Zeebrugge westerdam strand",51.361523,3.184988,NA,"total length",53,"cm",NA,NA,NA,NA,NA,NA,NA,NA,NA,NA,NA,NA,NA,"unknown",NA,"wild",NA,2018-07-01 07:03:00,"on beach, near catch location",NA,NA,NA,"internal,internal","abdominal cavity, closed with 3 monofilament stitches,abdominal cavity, closed with 3 monofilament stitches","yes, sample 10","Clove Oil",NA,NA,NA,NA,NA,NA,NA,NA,NA,NA,NA,"tag activation time 07:03 (UTC)",2018-07-01
"11",3156,"PhD_Goossens","1292665","acoustic-archival","animal","A69-9006-3693",",","Dicentrarchus labrax","European seabass",126975,"2812",NA,",",2018-07-01 07:00:00,"Zeebrugge westerdam",51.36212,3.186953,"line fishing","3-10m",NA,2018-07-01 07:30:00,"Zeebrugge westerdam strand",51.361523,3.184988,NA,"total length",46,"cm",NA,NA,NA,NA,NA,NA,NA,NA,NA,NA,NA,NA,NA,"unknown",NA,"wild",NA,2018-07-01 07:12:00,"on beach, near catch location",NA,NA,NA,"internal,internal","abdominal cavity, closed with 3 monofilament stitches,abdominal cavity, closed with 3 monofilament stitches","yes, sample 11","Clove Oil",NA,NA,NA,NA,NA,NA,NA,NA,NA,NA,NA,"tag activation time 07:12 (UTC)",2018-07-01
"12",3157,"PhD_Goossens","1292664","acoustic-archival","animal","A69-9006-3690",",","Dicentrarchus labrax","European seabass",126975,"2811",NA,",",2018-07-01 07:00:00,"Zeebrugge westerdam",51.36212,3.186953,"line fishing","3-10m",NA,2018-07-01 08:00:00,"Zeebrugge westerdam strand",51.361523,3.184988,NA,"total length",61,"cm",NA,NA,NA,NA,NA,NA,NA,NA,NA,NA,NA,NA,NA,"unknown",NA,"wild",NA,2018-07-01 07:23:00,"on beach, near catch location",NA,NA,NA,"internal,internal","abdominal cavity, closed with 3 monofilament stitches,abdominal cavity, closed with 3 monofilament stitches","yes, sample 12","Clove Oil",NA,NA,NA,NA,NA,NA,NA,NA,NA,NA,NA,"tag activation time 07:23 (UTC)",2018-07-01
"13",3158,"PhD_Goossens","1292663","acoustic-archival","animal","A69-9006-3689",",","Dicentrarchus labrax","European seabass",126975,"2810",NA,",",2018-07-01 07:30:00,"Zeebrugge westerdam",51.36212,3.186953,"line fishing","3-10m",NA,2018-07-01 08:00:00,"Zeebrugge westerdam strand",51.361523,3.184988,NA,"total length",49,"cm",NA,NA,NA,NA,NA,NA,NA,NA,NA,NA,NA,NA,NA,"unknown",NA,"wild",NA,2018-07-01 07:32:00,"on beach, near catch location",NA,NA,NA,"internal,internal","abdominal cavity, closed with 3 monofilament stitches,abdominal cavity, closed with 3 monofilament stitches","yes, sample 13","Clove Oil",NA,NA,NA,NA,NA,NA,NA,NA,NA,NA,NA,"tag activation time 07:32 (UTC)",2018-07-01
"14",3159,"PhD_Goossens","1292662","acoustic-archival","animal","A69-9006-3686",",","Dicentrarchus labrax","European seabass",126975,"2809",NA,",",2018-07-01 07:30:00,"Zeebrugge westerdam",51.36212,3.186953,"line fishing","3-10m",NA,2018-07-01 08:00:00,"Zeebrugge westerdam strand",51.361523,3.184988,NA,"total length",59,"cm",NA,NA,NA,NA,NA,NA,NA,NA,NA,NA,NA,NA,NA,"unknown",NA,"wild",NA,2018-07-01 07:46:00,"on beach, near catch location",NA,NA,NA,"internal,internal","abdominal cavity, closed with 3 monofilament stitches,abdominal cavity, closed with 3 monofilament stitches","yes, sample 14","Clove Oil",NA,NA,NA,NA,NA,NA,NA,NA,NA,NA,NA,"tag activation time 07:46 (UTC)",2018-07-01
"15",3160,"PhD_Goossens","1292661","acoustic-archival","animal","A69-9006-3685",",","Dicentrarchus labrax","European seabass",126975,"2808",NA,",",2018-07-01 07:30:00,"Zeebrugge westerdam",51.36212,3.186953,"line fishing","3-10m",NA,2018-07-01 08:30:00,"Zeebrugge westerdam strand",51.361523,3.184988,NA,"total length",58,"cm",NA,NA,NA,NA,NA,NA,NA,NA,NA,NA,NA,NA,NA,"unknown",NA,"wild",NA,2018-07-01 07:55:00,"on beach, near catch location",NA,NA,NA,"internal,internal","abdominal cavity, closed with 3 monofilament stitches,abdominal cavity, closed with 3 monofilament stitches","yes, sample 15","Clove Oil",NA,NA,NA,NA,NA,NA,NA,NA,NA,NA,NA,"tag activation time 07:55 (UTC)",2018-07-01
"16",3161,"PhD_Goossens","1292660","acoustic-archival","animal","A69-9006-3683",",","Dicentrarchus labrax","European seabass",126975,"2807",NA,",",2018-07-01 08:00:00,"Zeebrugge westerdam",51.36212,3.186953,"line fishing","3-10m",NA,2018-07-01 08:30:00,"Zeebrugge westerdam strand",51.361523,3.184988,NA,"total length",66,"cm",NA,NA,NA,NA,NA,NA,NA,NA,NA,NA,NA,NA,NA,"unknown",NA,"wild",NA,2018-07-01 08:08:00,"on beach, near catch location",NA,NA,NA,"internal,internal","abdominal cavity, closed with 3 monofilament stitches,abdominal cavity, closed with 3 monofilament stitches","yes, sample 16","Clove Oil",NA,NA,NA,NA,NA,NA,NA,NA,NA,NA,NA,"tag activation time 08:08 (UTC)",2018-07-01
"17",3162,"PhD_Goossens","1292659","acoustic-archival","animal","A69-9006-3680",",","Dicentrarchus labrax","European seabass",126975,"2806",NA,",",2018-07-01 08:00:00,"Zeebrugge westerdam",51.36212,3.186953,"line fishing","3-10m",NA,2018-07-01 08:30:00,"Zeebrugge westerdam strand",51.361523,3.184988,2021-09-28,"total length",52,"cm",NA,NA,NA,NA,NA,NA,NA,NA,NA,NA,NA,NA,NA,"unknown",NA,"wild",NA,2018-07-01 08:17:00,"on beach, near catch location",NA,NA,NA,"internal,internal","abdominal cavity, closed with 3 monofilament stitches,abdominal cavity, closed with 3 monofilament stitches","yes, sample 17","Clove Oil",NA,NA,NA,NA,NA,NA,NA,NA,NA,NA,NA,"tag activation time 08:17 (UTC)
Tag found in week of 27/9/2021-3/10/2021 on beach in Fano, Denmark",2018-07-01
"18",3198,"PhD_Goossens","1292675","acoustic-archival","animal","A69-9006-3713",",","Dicentrarchus labrax","European seabass",126975,"b146",NA,",",2018-07-19,"B10",51.645,2.77988,"line fishing","25-30m",NA,2018-07-19 09:45:00,"C9",51.6476,2.78799,NA,"total length",36,"cm",NA,NA,NA,NA,NA,NA,NA,NA,NA,NA,NA,NA,NA,"unknown",NA,"wild",NA,2018-07-19 11:25:00,"on RV, near catch location",NA,NA,NA,"internal,internal","abdominal cavity, closed with 3 monofilament stitches,abdominal cavity, closed with 3 monofilament stitches","No","Clove Oil",NA,NA,NA,NA,NA,NA,NA,NA,NA,NA,NA,"tag activation time (UTC):11:48 -> issue: detections from UTC 09:46 onwards (so activation time was potentially 09:48?)",2018-07-19
"19",3215,"PhD_Goossens","1292652","acoustic-archival","animal","A69-9006-3666",",","Dicentrarchus labrax","European seabass",126975,NA,NA,",",2018-08-10 12:00:00,"Beach near golf Oostende",51.270154,3.008689,"line fishing","1 - 5 meter",NA,2018-08-10 12:30:00,"Beach near golf Oostende",51.270154,3.008689,NA,"total length",57,"cm",NA,NA,NA,NA,NA,NA,NA,NA,NA,NA,NA,NA,NA,"unknown",NA,"wild",NA,2018-08-10 12:00:00,"Beach near golf Oostende",51.270154,3.008689,NA,",",",","yes, 18",NA,NA,NA,NA,NA,NA,NA,NA,NA,NA,NA,NA,NA,2018-08-10
"20",3216,"PhD_Goossens","1271078","acoustic-archival","animal","A69-9006-951",",","Dicentrarchus labrax","European seabass",126975,NA,NA,",",2018-08-29 09:00:00,"Paulina polder",51.40932667,3.669373333,"line fishing","1 - 10 meter",NA,2018-08-29 09:00:00,"Paulina polder",51.40932667,3.669373333,NA,"total length",34,"cm",NA,NA,NA,NA,NA,NA,NA,NA,NA,NA,NA,NA,NA,"unknown",NA,"wild",NA,NA,NA,NA,NA,NA,",",",","yes, 29",NA,NA,NA,NA,NA,NA,NA,NA,NA,NA,NA,NA,NA,2018-08-29
"21",3427,"PhD_Goossens","1292638","acoustic-archival","animal","A69-9006-3639",",","Dicentrarchus labrax","European seabass",126975,NA,NA,",",2018-09-13 07:40:00,"Hoofdplaat",51.36513333,3.69595,"line fishing",NA,NA,2018-09-13 08:00:00,"Hoofdplaat",51.36513333,3.69595,2019-07-10,"Total length",43,"cm",NA,NA,NA,NA,NA,NA,NA,NA,NA,NA,NA,NA,NA,"unknown",NA,"wild",NA,NA,NA,NA,NA,NA,"internal,internal","inserted in abdominal cavity, midventral line incision, 3 stitches using non-absorbable filament,inserted in abdominal cavity, midventral line incision, 3 stitches using non-absorbable filament","Yes, sample 35",NA,NA,"clove oil",NA,"0.05 ml/L",NA,NA,NA,NA,NA,NA,NA,"tag activation time: 7:40:30 UTC
Phillippe
Recaptured 51.390544, 3.600171 (Felix Taveirne: tag + fish recovered)
Recapture length 51 cm",2018-09-13
"22",3428,"PhD_Goossens","1292673","acoustic-archival","animal","A69-9006-3708",",","Dicentrarchus labrax","European seabass",126975,NA,NA,",",2018-09-13 10:21:00,"Paulina",51.36565,3.69602,"line fishing",NA,NA,2018-09-13 11:00:00,"Paulina",51.36565,3.69602,NA,"Total length",38,"cm",NA,NA,NA,NA,NA,NA,NA,NA,NA,NA,NA,NA,NA,"unknown",NA,"wild",NA,NA,NA,NA,NA,NA,"internal,internal","inserted in abdominal cavity, midventral line incision, 3 stitches using non-absorbable filament,inserted in abdominal cavity, midventral line incision, 3 stitches using non-absorbable filament","Yes, sample 36",NA,NA,"clove oil",NA,"0.05 ml/L",NA,NA,NA,NA,NA,NA,NA,"Tag activation time 10:21:35 UTC
Leonie",2018-09-13
"23",3429,"PhD_Goossens","1292645","acoustic-archival","animal","A69-9006-3652",",","Dicentrarchus labrax","European seabass",126975,NA,NA,",",2018-09-13 10:36:00,"Paulina",51.36565,3.69602,"line fishing",NA,NA,2018-09-13 11:00:00,"Paulina",51.36565,3.69602,NA,"Total length",40,"cm",NA,NA,NA,NA,NA,NA,NA,NA,NA,NA,NA,NA,NA,"unknown",NA,"wild",NA,NA,NA,NA,NA,NA,"internal,internal","inserted in abdominal cavity, midventral line incision, 3 stitches using non-absorbable filament,inserted in abdominal cavity, midventral line incision, 3 stitches using non-absorbable filament","Yes, sample 38",NA,NA,"clove oil",NA,"0.05 ml/L",NA,NA,NA,NA,NA,NA,NA,"tag activation time  10:36:40 UTC",2018-09-13
"24",3430,"PhD_Goossens","1292674","acoustic-archival","animal","A69-9006-3711",",","Dicentrarchus labrax","European seabass",126975,NA,NA,",",2018-09-13 10:46:00,"Paulina",51.36565,3.69602,"line fishing",NA,NA,2018-09-13 11:00:00,"Paulina",51.36565,3.69602,NA,"Total length",38,"cm",NA,NA,NA,NA,NA,NA,NA,NA,NA,NA,NA,NA,NA,"unknown",NA,"wild",NA,NA,NA,NA,NA,NA,"internal,internal","inserted in abdominal cavity, midventral line incision, 3 stitches using non-absorbable filament,inserted in abdominal cavity, midventral line incision, 3 stitches using non-absorbable filament","Yes, sample 39",NA,NA,"clove oil",NA,"0.05 ml/L",NA,NA,NA,NA,NA,NA,NA,"Tag activation time 10:46:22 UTC
Nelskie",2018-09-13
"25",3431,"PhD_Goossens","1271070","acoustic-archival","animal","A69-9006-935",",","Dicentrarchus labrax","European seabass",126975,NA,NA,",",2018-09-13 10:30:00,"Paulina",51.36565,3.69602,"line fishing",NA,NA,2018-09-13 11:00:00,"Paulina",51.36565,3.69602,NA,"Total length",36,"cm",NA,NA,NA,NA,NA,NA,NA,NA,NA,NA,NA,NA,NA,"unknown",NA,"wild",NA,NA,NA,NA,NA,NA,"internal,internal","inserted in abdominal cavity, midventral line incision, 3 stitches using non-absorbable filament,inserted in abdominal cavity, midventral line incision, 3 stitches using non-absorbable filament","Yes, sample 37",NA,NA,"clove oil",NA,"0.05 ml/L",NA,NA,NA,NA,NA,NA,NA,"Tootje",2018-09-13
"26",3509,"PhD_Goossens","1292639","acoustic-archival","animal","A69-9006-3641",",","Dicentrarchus labrax","European seabass",126975,NA,NA,",",2018-09-14 11:00:00,"Hoofdplaat",51.36513333,3.69595,"line fishing","2-5 m",NA,2018-09-14 11:30:00,"Hoofdplaat",51.36513333,3.69595,NA,"total length",36,"cm",NA,NA,NA,NA,NA,NA,NA,NA,NA,NA,NA,NA,NA,"unknown",NA,"wild",NA,NA,NA,NA,NA,NA,",",",","yes, 40",NA,NA,NA,NA,NA,NA,NA,NA,NA,NA,NA,NA,"Tag activation time UTC 09:22",2018-09-14
"27",3510,"PhD_Goossens","1292646","acoustic-archival","animal","A69-9006-3655",",","Dicentrarchus labrax","European seabass",126975,NA,NA,",",2018-09-14 11:00:00,"Hoofdplaat",51.36513333,3.69595,NA,NA,NA,2018-09-14 11:30:00,"Hoofdplaat",51.36513333,3.69595,NA,"total length",63,"cm",NA,NA,NA,NA,NA,NA,NA,NA,NA,NA,NA,NA,NA,"unknown",NA,"wild",NA,NA,NA,NA,NA,NA,",",",","yes, 41",NA,NA,NA,NA,NA,NA,NA,NA,NA,NA,NA,NA,"Tag activation time UTC 11:32",2018-09-14
"28",3508,"PhD_Goossens","1292653","acoustic-archival","animal","A69-9006-3669",",","Dicentrarchus labrax","European seabass",126975,NA,NA,",",2018-09-27 14:00:00,"Boudewijnkanaal",51.308473,3.203367,"line fishing","5-10 m",NA,2018-09-27 14:00:00,"Boudewijnkanaal",51.308473,3.203367,2022-02-01,"total length",48,"cm",NA,NA,NA,NA,NA,NA,NA,NA,NA,NA,NA,NA,NA,"unknown",NA,"wild",NA,NA,NA,NA,NA,NA,",",",",NA,NA,NA,NA,NA,NA,NA,NA,NA,NA,NA,NA,NA,NA,2018-09-27
"29",3511,"PhD_Goossens","1292640","acoustic-archival","animal","A69-9006-3642",",","Dicentrarchus labrax","European seabass",126975,"2892",NA,",",2018-10-06 12:00:00,"Zeebrugge westerdam",51.36212,3.186953,"line fishing","3-10m",NA,2018-10-06 13:00:00,"Zeebrugge westerdam",51.36212,3.186953,NA,"Total length",44,"cm",NA,NA,NA,NA,NA,NA,NA,NA,NA,891,"g",NA,NA,"unknown",NA,"wild",NA,NA,"Zeebrugge westerdam",51.36212,3.186953,NA,"internal,internal","inserted into abdominal cavity through midventral line incision, closed using 2 polydioxanone monofilament sutures.,inserted into abdominal cavity through midventral line incision, closed using 2 polydioxanone monofilament sutures.","42","clove oil",NA,NA,NA,NA,NA,NA,NA,NA,NA,NA,NA,"tag activation time (UTC):12:38:10",2018-10-06
"30",3512,"PhD_Goossens","1292647","acoustic-archival","animal","A69-9006-3656",",","Dicentrarchus labrax","European seabass",126975,"2893",NA,",",2018-10-06 12:00:00,"Zeebrugge westerdam",51.36212,3.186953,"line fishing","3-10m",NA,2018-10-06 13:00:00,"Zeebrugge westerdam",51.36212,3.186953,NA,"Total length",45.5,"cm",NA,NA,NA,NA,NA,NA,NA,NA,NA,1070,"g",NA,NA,"unknown",NA,"wild",NA,NA,"Zeebrugge westerdam",51.36212,3.186953,NA,"internal,internal","inserted into abdominal cavity through midventral line incision, closed using 2 polydioxanone monofilament sutures.,inserted into abdominal cavity through midventral line incision, closed using 2 polydioxanone monofilament sutures.","43","clove oil",NA,NA,NA,NA,NA,NA,NA,NA,NA,NA,NA,"tag activation time (UTC):12:51:50",2018-10-06
"31",3513,"PhD_Goossens","1292654","acoustic-archival","animal","A69-9006-3671",",","Dicentrarchus labrax","European seabass",126975,"2894",NA,",",2018-10-06 12:00:00,"Zeebrugge westerdam",51.36212,3.186953,"line fishing","3-10m",NA,2018-10-06 13:00:00,"Zeebrugge westerdam",51.36212,3.186953,NA,"Total length",42.5,"cm",NA,NA,NA,NA,NA,NA,NA,NA,NA,852,"g",NA,NA,"unknown",NA,"wild",NA,NA,"Zeebrugge westerdam",51.36212,3.186953,NA,"internal,internal","inserted into abdominal cavity through midventral line incision, closed using 2 polydioxanone monofilament sutures.,inserted into abdominal cavity through midventral line incision, closed using 2 polydioxanone monofilament sutures.","44","clove oil",NA,NA,NA,NA,NA,NA,NA,NA,NA,NA,NA,"tag activation time (UTC):13:01:57",2018-10-06
"32",3514,"PhD_Goossens","1292641","acoustic-archival","animal","A69-9006-3645",",","Dicentrarchus labrax","European seabass",126975,"2895",NA,",",2018-10-06 12:00:00,"Zeebrugge westerdam",51.36212,3.186953,"line fishing","3-10m",NA,2018-10-06 13:00:00,"Zeebrugge westerdam",51.36212,3.186953,2022-07-29,"Total length",42.5,"cm",NA,NA,NA,NA,NA,NA,NA,NA,NA,850,"g",NA,NA,"unknown",NA,"wild",NA,NA,"Zeebrugge westerdam",51.36212,3.186953,NA,"internal,internal","inserted into abdominal cavity through midventral line incision, closed using 2 polydioxanone monofilament sutures.,inserted into abdominal cavity through midventral line incision, closed using 2 polydioxanone monofilament sutures.","45","clove oil",NA,NA,NA,NA,NA,NA,NA,NA,NA,NA,NA,"tag activation time (UTC):13:11:50
Recaptured 1 mile off Blankenberge on 29/7/2022, 66 cm, 2500 g",2018-10-06
"33",3515,"PhD_Goossens","1292648","acoustic-archival","animal","A69-9006-3658",",","Dicentrarchus labrax","European seabass",126975,"2897",NA,",",2018-10-06 12:00:00,"Zeebrugge westerdam",51.36212,3.186953,"line fishing","3-10m",NA,2018-10-06 13:00:00,"Zeebrugge westerdam",51.36212,3.186953,NA,"Total length",48.5,"cm",NA,NA,NA,NA,NA,NA,NA,NA,NA,1298,"g",NA,NA,"unknown",NA,"wild",NA,NA,"Zeebrugge westerdam",51.36212,3.186953,NA,"internal,internal","inserted into abdominal cavity through midventral line incision, closed using 2 polydioxanone monofilament sutures.,inserted into abdominal cavity through midventral line incision, closed using 2 polydioxanone monofilament sutures.","46","clove oil",NA,NA,NA,NA,NA,NA,NA,NA,NA,NA,NA,"tag activation time (UTC):13:22:47",2018-10-06
"34",3516,"PhD_Goossens","1292655","acoustic-archival","animal","A69-9006-3672",",","Dicentrarchus labrax","European seabass",126975,"2899",NA,",",2018-10-06 12:00:00,"Zeebrugge westerdam",51.36212,3.186953,"line fishing","3-10m",NA,2018-10-06 13:00:00,"Zeebrugge westerdam",51.36212,3.186953,NA,"Total length",47,"cm",NA,NA,NA,NA,NA,NA,NA,NA,NA,1165,"g",NA,NA,"unknown",NA,"wild",NA,NA,"Zeebrugge westerdam",51.36212,3.186953,NA,"internal,internal","inserted into abdominal cavity through midventral line incision, closed using 2 polydioxanone monofilament sutures.,inserted into abdominal cavity through midventral line incision, closed using 2 polydioxanone monofilament sutures.","48","clove oil",NA,NA,NA,NA,NA,NA,NA,NA,NA,NA,NA,"tag activation time (UTC):13:44:02",2018-10-06
"35",3517,"PhD_Goossens","1292642","acoustic-archival","animal","A69-9006-3647",",","Dicentrarchus labrax","European seabass",126975,"2900",NA,",",2018-10-06 12:00:00,"Zeebrugge westerdam",51.36212,3.186953,"line fishing","3-10m",NA,2018-10-06 13:00:00,"Zeebrugge westerdam",51.36212,3.186953,NA,"Total length",41,"cm",NA,NA,NA,NA,NA,NA,NA,NA,NA,889,"g",NA,NA,"unknown",NA,"wild",NA,NA,"Zeebrugge westerdam",51.36212,3.186953,NA,"internal,internal","inserted into abdominal cavity through midventral line incision, closed using 2 polydioxanone monofilament sutures.,inserted into abdominal cavity through midventral line incision, closed using 2 polydioxanone monofilament sutures.","49","clove oil",NA,NA,NA,NA,NA,NA,NA,NA,NA,NA,NA,"tag activation time (UTC):13:58:00",2018-10-06
"36",3518,"PhD_Goossens","1292649","acoustic-archival","animal","A69-9006-3660",",","Dicentrarchus labrax","European seabass",126975,"2920",NA,",",2018-10-06 12:00:00,"Zeebrugge westerdam",51.36212,3.186953,"line fishing","3-10m",NA,2018-10-06 13:00:00,"Zeebrugge westerdam",51.36212,3.186953,NA,"Total length",47,"cm",NA,NA,NA,NA,NA,NA,NA,NA,NA,1369,"g",NA,NA,"unknown",NA,"wild",NA,NA,"Zeebrugge westerdam",51.36212,3.186953,NA,"internal,internal","inserted into abdominal cavity through midventral line incision, closed using 2 polydioxanone monofilament sutures.,inserted into abdominal cavity through midventral line incision, closed using 2 polydioxanone monofilament sutures.","51","clove oil",NA,NA,NA,NA,NA,NA,NA,NA,NA,NA,NA,"tag activation time (UTC):14:05:55",2018-10-06
"37",3519,"PhD_Goossens","1292656","acoustic-archival","animal","A69-9006-3675",",","Dicentrarchus labrax","European seabass",126975,"2923",NA,",",2018-10-06 12:00:00,"Zeebrugge westerdam",51.36212,3.186953,"line fishing","3-10m",NA,2018-10-06 13:00:00,"Zeebrugge westerdam",51.36212,3.186953,NA,"Total length",43,"cm",NA,NA,NA,NA,NA,NA,NA,NA,NA,967,"g",NA,NA,"unknown",NA,"wild",NA,NA,"Zeebrugge westerdam",51.36212,3.186953,NA,"internal,internal","inserted into abdominal cavity through midventral line incision, closed using 2 polydioxanone monofilament sutures.,inserted into abdominal cavity through midventral line incision, closed using 2 polydioxanone monofilament sutures.","52","clove oil",NA,NA,NA,NA,NA,NA,NA,NA,NA,NA,NA,"tag activation time (UTC):14:18:25",2018-10-06
"38",3520,"PhD_Goossens","1292643","acoustic-archival","animal","A69-9006-3649",",","Dicentrarchus labrax","European seabass",126975,"2924",NA,",",2018-10-06 12:00:00,"Zeebrugge westerdam",51.36212,3.186953,"line fishing","3-10m",NA,2018-10-06 13:00:00,"Zeebrugge westerdam",51.36212,3.186953,2019-07-16,"Total length",43.5,"cm",NA,NA,NA,NA,NA,NA,NA,NA,NA,982,"g",NA,NA,"unknown",NA,"wild",NA,NA,"Zeebrugge westerdam",51.36212,3.186953,NA,"internal,internal","inserted into abdominal cavity through midventral line incision, closed using 2 polydioxanone monofilament sutures.,inserted into abdominal cavity through midventral line incision, closed using 2 polydioxanone monofilament sutures.","54","clove oil",NA,NA,NA,NA,NA,NA,NA,NA,NA,NA,NA,"tag activation time (UTC):14:44:48
Tag recovered Schiermonnikoog 53.497962	6.154100",2018-10-06
"39",3521,"PhD_Goossens","1292650","acoustic-archival","animal","A69-9006-3663",",","Dicentrarchus labrax","European seabass",126975,"2925",NA,",",2018-10-06 12:00:00,"Zeebrugge westerdam",51.36212,3.186953,"line fishing","3-10m",NA,2018-10-06 13:00:00,"Zeebrugge westerdam",51.36212,3.186953,2020-03-24,"Total length",41,"cm",NA,NA,NA,NA,NA,NA,NA,NA,NA,823,"g",NA,NA,"unknown",NA,"wild",NA,NA,"Zeebrugge westerdam",51.36212,3.186953,NA,"internal,internal","inserted into abdominal cavity through midventral line incision, closed using 2 polydioxanone monofilament sutures.,inserted into abdominal cavity through midventral line incision, closed using 2 polydioxanone monofilament sutures.","55","clove oil",NA,NA,NA,NA,NA,NA,NA,NA,NA,NA,NA,"tag activation time (UTC):14:46:08, found on beach in Farsund",2018-10-06
"40",3532,"PhD_Goossens","1292657","acoustic-archival","animal","A69-9006-3677",",","Dicentrarchus labrax","European seabass",126975,"2927",NA,",",2018-10-06 13:00:00,"Zeebrugge westerdam",51.36212,3.186953,"line fishing","3-10m",NA,2018-10-06 13:30:00,"Zeebrugge westerdam",51.36212,3.186953,NA,"Total length",41,"cm",NA,NA,NA,NA,NA,NA,NA,NA,NA,914,"g",NA,NA,"unknown",NA,"wild",NA,NA,"Zeebrugge westerdam",51.36212,3.186953,NA,"internal,internal","inserted into abdominal cavity through midventral line incision, closed using 2 polydioxanone monofilament sutures.,inserted into abdominal cavity through midventral line incision, closed using 2 polydioxanone monofilament sutures.","56","clove oil",NA,NA,NA,NA,NA,NA,NA,NA,NA,NA,NA,"tag activation time (UTC):15:00:46",2018-10-06
"41",3533,"PhD_Goossens","1292644","acoustic-archival","animal","A69-9006-3651",",","Dicentrarchus labrax","European seabass",126975,"2929",NA,",",2018-10-06 13:00:00,"Zeebrugge westerdam",51.36212,3.186953,"line fishing","3-10m",NA,2018-10-06 13:30:00,"Zeebrugge westerdam",51.36212,3.186953,NA,"Total length",38,"cm",NA,NA,NA,NA,NA,NA,NA,NA,NA,706,"g",NA,NA,"unknown",NA,"wild",NA,NA,"Zeebrugge westerdam",51.36212,3.186953,NA,"internal,internal","inserted into abdominal cavity through midventral line incision, closed using 2 polydioxanone monofilament sutures.,inserted into abdominal cavity through midventral line incision, closed using 2 polydioxanone monofilament sutures.","56","clove oil",NA,NA,NA,NA,NA,NA,NA,NA,NA,NA,NA,"tag activation time (UTC):15:01:21",2018-10-06
"42",4674,"PhD_Goossens","1271096","acoustic-archival","animal","A69-9006-987",",","Dicentrarchus labrax","European seabass",126975,"3409",NA,",",2019-06-06 08:00:00,"Herdersbrug",51.269214,3.213027,"handline","2-5 m",NA,2019-06-06 08:00:00,"Herdersbrug",51.270442,3.212727,NA,"total length",48,"cm",NA,NA,NA,NA,NA,NA,NA,NA,NA,1080,"g",NA,NA,NA,NA,"wild",NA,NA,NA,NA,NA,NA,"internal,internal","inserted in abdominal cavity, midventral line incision, 3 stitches using non-absorbable filament,inserted in abdominal cavity, midventral line incision, 3 stitches using non-absorbable filament","no",NA,NA,"clove oil",NA,"0.05 ml/L",NA,NA,NA,NA,NA,NA,NA,"Scale sample 1; Petersen disc 03409: name Bruno",2019-06-06
"43",4675,"PhD_Goossens","1271073","acoustic-archival","animal","A69-9006-941",",","Dicentrarchus labrax","European seabass",126975,"3411",NA,",",2019-06-06 08:00:00,"Lissewege",51.292572,3.207035,"handline","2-5 m",NA,2019-06-06 08:00:00,"Lissewege",51.292572,3.207035,NA,"total length",43,"cm",NA,NA,NA,NA,NA,NA,NA,NA,NA,850,"g",NA,NA,NA,NA,"wild",NA,NA,NA,NA,NA,NA,"internal,internal","inserted in abdominal cavity, midventral line incision, 3 stitches using non-absorbable filament,inserted in abdominal cavity, midventral line incision, 3 stitches using non-absorbable filament","no",NA,NA,"clove oil",NA,"0.05 ml/L",NA,NA,NA,NA,NA,NA,NA,"Scale sample 2; Petersen disc 03411; name Leo",2019-06-06
"44",4676,"PhD_Goossens","1271067","acoustic-archival","animal","A69-9006-929",",","Dicentrarchus labrax","European seabass",126975,"3413",NA,",",2019-06-06 09:15:00,"Herdersbrug",51.292572,3.207035,"handline","2-5 m",NA,2019-06-06 09:25:00,"Herdersbrug",51.292572,3.207035,NA,"total length",43,"cm",NA,NA,NA,NA,NA,NA,NA,NA,NA,845,"g",NA,NA,NA,NA,"wild",NA,NA,NA,NA,NA,NA,"internal,internal","inserted in abdominal cavity, midventral line incision, 3 stitches using non-absorbable filament,inserted in abdominal cavity, midventral line incision, 3 stitches using non-absorbable filament","no",NA,NA,"clove oil",NA,"0.05 ml/L",NA,NA,NA,NA,NA,NA,NA,"Scale sample 3; Petersen disc 03413: name Arthur",2019-06-06
"45",4677,"PhD_Goossens","1271068","acoustic-archival","animal","A69-9006-931",",","Dicentrarchus labrax","European seabass",126975,"3414",NA,",",2019-06-06 09:30:00,"Harbour Zeebrugge",51.308725,3.203173,"handline","2-5 m",NA,2019-06-06 09:30:00,"Herdersbrug",51.308725,3.203173,NA,"total length",57,"cm",NA,NA,NA,NA,NA,NA,NA,NA,NA,2100,"g",NA,NA,NA,NA,"wild",NA,NA,NA,NA,NA,NA,"internal,internal","inserted in abdominal cavity, midventral line incision, 3 stitches using non-absorbable filament,inserted in abdominal cavity, midventral line incision, 3 stitches using non-absorbable filament","no",NA,NA,"clove oil",NA,"0.05 ml/L",NA,NA,NA,NA,NA,NA,NA,"Scale sample 4; Petersen disc 03414: name Dikke Bruno",2019-06-06
"46",4678,"PhD_Goossens","1271063","acoustic-archival","animal","A69-9006-921",",","Dicentrarchus labrax","European seabass",126975,"3415",NA,",",2019-06-06 10:00:00,"Harbour Zeebrugge",51.308725,3.203173,"handline","2-5 m",NA,2019-06-06 10:00:00,"Herdersbrug",51.308725,3.203173,NA,"total length",63,"cm",NA,NA,NA,NA,NA,NA,NA,NA,NA,2468,"g",NA,NA,NA,NA,"wild",NA,NA,NA,NA,NA,NA,"internal,internal","inserted in abdominal cavity, midventral line incision, 3 stitches using non-absorbable filament,inserted in abdominal cavity, midventral line incision, 3 stitches using non-absorbable filament","no",NA,NA,"clove oil",NA,"0.05 ml/L",NA,NA,NA,NA,NA,NA,NA,"Scale sample 5; Petersen disc 03415: name Peetje",2019-06-06
"47",4679,"PhD_Goossens","1271075","acoustic-archival","animal","A69-9006-945",",","Dicentrarchus labrax","European seabass",126975,"3419",NA,",",2019-06-06 10:30:00,"Harbour Zeebrugge",51.308725,3.203173,"handline","2-5 m",NA,2019-06-06 10:30:00,"Herdersbrug",51.308725,3.203173,NA,"total length",47,"cm",NA,NA,NA,NA,NA,NA,NA,NA,NA,1060,"g",NA,NA,NA,NA,"wild",NA,NA,NA,NA,NA,NA,"internal,internal","inserted in abdominal cavity, midventral line incision, 3 stitches using non-absorbable filament,inserted in abdominal cavity, midventral line incision, 3 stitches using non-absorbable filament","no",NA,NA,"clove oil",NA,"0.05 ml/L",NA,NA,NA,NA,NA,NA,NA,"Scale sample 6; Petersen disc 03419: name Rik",2019-06-06
"48",5203,"PhD_Goossens","1293279","acoustic-archival","animal","A69-9006-3750",",","Dicentrarchus labrax","European seabass",126975,NA,NA,",",2019-08-03 04:30:00,"Zeebrugge westerdam",51.36212,3.186953,"line fishing",NA,NA,2019-08-03 04:30:00,"Zeebrugge westerdam",51.36212,3.186953,NA,"Total length",53,"cm",NA,NA,NA,NA,NA,NA,NA,NA,NA,1800,"g",8,"years","unknown",NA,"wild",NA,NA,NA,NA,NA,NA,"internal,internal","inserted in abdominal cavity, midventral line incision, 3 stitches using non-absorbable filament,inserted in abdominal cavity, midventral line incision, 3 stitches using non-absorbable filament","Yes, sample 111",NA,NA,"clove oil",NA,"0.05 ml/L",NA,NA,NA,NA,NA,NA,NA,"tag activation time 04:31 (UTC); Scale sample 7; Peterson Tag 000;",2019-08-03
"49",5204,"PhD_Goossens","1293277","acoustic-archival","animal","A69-9006-3747",",","Dicentrarchus labrax","European seabass",126975,NA,NA,",",2019-08-03 04:30:00,"Zeebrugge westerdam",51.36212,3.186953,"line fishing",NA,NA,2019-08-03 04:30:00,"Zeebrugge westerdam",51.36212,3.186953,NA,"Total length",74,"cm",NA,NA,NA,NA,NA,NA,NA,NA,NA,4400,"g",13.5,"years","unknown",NA,"wild",NA,NA,NA,NA,NA,NA,"internal,internal","inserted in abdominal cavity, midventral line incision, 3 stitches using non-absorbable filament,inserted in abdominal cavity, midventral line incision, 3 stitches using non-absorbable filament","Yes, sample 112",NA,NA,"clove oil",NA,"0.05 ml/L",NA,NA,NA,NA,NA,NA,NA,"tag activation time 04:48 (UTC); Scale sample 8 (age 11 - 16 years); Peterson Tag 001",2019-08-03
"50",5205,"PhD_Goossens","1271064","acoustic-archival","animal","A69-9006-923",",","Dicentrarchus labrax","European seabass",126975,NA,NA,",",2019-08-03 06:00:00,"Zeebrugge westerdam",51.36212,3.186953,"line fishing",NA,NA,2019-08-03 06:00:00,"Zeebrugge westerdam",51.36212,3.186953,NA,"Total length",41,"cm",NA,NA,NA,NA,NA,NA,NA,NA,NA,960,"g",NA,NA,"unknown",NA,"wild",NA,NA,NA,NA,NA,NA,"internal,internal","inserted in abdominal cavity, midventral line incision, 3 stitches using non-absorbable filament,inserted in abdominal cavity, midventral line incision, 3 stitches using non-absorbable filament","Yes, sample 113",NA,NA,"clove oil",NA,"0.05 ml/L",NA,NA,NA,NA,NA,NA,NA,"Scale sample 9; Peterson Tag 002",2019-08-03
"51",5206,"PhD_Goossens","1293273","acoustic-archival","animal","A69-9006-3739",",","Dicentrarchus labrax","European seabass",126975,NA,NA,",",2019-08-03 06:30:00,"Zeebrugge westerdam",51.36212,3.186953,"line fishing",NA,NA,2019-08-03 06:30:00,"Zeebrugge westerdam",51.36212,3.186953,2019-09-10,"Total length",48.5,"cm",NA,NA,NA,NA,NA,NA,NA,NA,NA,1300,"g",5,"years","unknown",NA,"wild",NA,NA,NA,NA,NA,NA,"internal,internal","inserted in abdominal cavity, midventral line incision, 3 stitches using non-absorbable filament,inserted in abdominal cavity, midventral line incision, 3 stitches using non-absorbable filament","Yes, sample 114",NA,NA,"clove oil",NA,"0.05 ml/L",NA,NA,NA,NA,NA,NA,NA,"tag activation time 05:19 (UTC); Scale sample 10; Peterson Tag 003
Recaptured 51.119050	2.498417 (tag recovered, fish wasn't recovered)",2019-08-03
"52",5207,"PhD_Goossens","1271069","acoustic-archival","animal","A69-9006-933",",","Dicentrarchus labrax","European seabass",126975,NA,NA,",",2019-08-21 06:30:00,"Zeebrugge westerdam",51.36212,3.186953,"line fishing",NA,NA,2019-08-21 06:30:00,"Zeebrugge westerdam",51.36212,3.186953,NA,"Total length",40,"cm",NA,NA,NA,NA,NA,NA,NA,NA,NA,610,"g",NA,NA,"unknown",NA,"wild",NA,NA,NA,NA,NA,NA,"internal,internal","inserted in abdominal cavity, midventral line incision, 3 stitches using non-absorbable filament,inserted in abdominal cavity, midventral line incision, 3 stitches using non-absorbable filament","Yes, sample 115",NA,NA,"clove oil",NA,"0.05 ml/L",NA,NA,NA,NA,NA,NA,NA,"Scale sample 11; Peterson Tag 2853",2019-08-21
"53",5208,"PhD_Goossens","1293272","acoustic-archival","animal","A69-9006-3736",",","Dicentrarchus labrax","European seabass",126975,NA,NA,",",2019-08-21 06:30:00,"Zeebrugge westerdam",51.36212,3.186953,"line fishing",NA,NA,2019-08-21 06:30:00,"Zeebrugge westerdam",51.36212,3.186953,NA,"Total length",49.5,"cm",NA,NA,NA,NA,NA,NA,NA,NA,NA,1550,"g",4.5,"years","unknown",NA,"wild",NA,NA,NA,NA,NA,NA,"internal,internal","inserted in abdominal cavity, midventral line incision, 3 stitches using non-absorbable filament,inserted in abdominal cavity, midventral line incision, 3 stitches using non-absorbable filament","Yes, sample 116",NA,NA,"clove oil",NA,"0.05 ml/L",NA,NA,NA,NA,NA,NA,NA,"tag activation time 06:32 (UTC); Scale sample 12 (age 4 - 5 years); Peterson Tag 004",2019-08-21
"54",5209,"PhD_Goossens","1293274","acoustic-archival","animal","A69-9006-3741",",","Dicentrarchus labrax","European seabass",126975,NA,NA,",",2019-08-21 06:30:00,"Zeebrugge westerdam",51.36212,3.186953,"line fishing",NA,NA,2019-08-21 06:30:00,"Zeebrugge westerdam",51.36212,3.186953,NA,"Total length",42,"cm",NA,NA,NA,NA,NA,NA,NA,NA,NA,985,"g",4,"years","unknown",NA,"wild",NA,NA,NA,NA,NA,NA,"internal,internal","inserted in abdominal cavity, midventral line incision, 3 stitches using non-absorbable filament,inserted in abdominal cavity, midventral line incision, 3 stitches using non-absorbable filament","Yes, sample 117",NA,NA,"clove oil",NA,"0.05 ml/L",NA,NA,NA,NA,NA,NA,NA,"tag activation time 06:50 (UTC); Scale sample 13; Peterson Tag 005",2019-08-21
"55",5210,"PhD_Goossens","1293271","acoustic-archival","animal","A69-9006-3734",",","Dicentrarchus labrax","European seabass",126975,NA,NA,",",2019-08-21 07:30:00,"Zeebrugge westerdam",51.36212,3.186953,"line fishing",NA,NA,2019-08-21 07:30:00,"Zeebrugge westerdam",51.36212,3.186953,NA,"Total length",47,"cm",NA,NA,NA,NA,NA,NA,NA,NA,NA,1280,"g",4,"years","unknown",NA,"wild",NA,NA,NA,NA,NA,NA,"internal,internal","inserted in abdominal cavity, midventral line incision, 3 stitches using non-absorbable filament,inserted in abdominal cavity, midventral line incision, 3 stitches using non-absorbable filament","Yes, sample 119",NA,NA,"clove oil",NA,"0.05 ml/L",NA,NA,NA,NA,NA,NA,NA,"tag activation time 07:23 (UTC); Scale sample 15; Peterson Tag 006",2019-08-21
"56",5211,"PhD_Goossens","1293275","acoustic-archival","animal","A69-9006-3742",",","Dicentrarchus labrax","European seabass",126975,NA,NA,",",2019-08-21 07:30:00,"Zeebrugge westerdam",51.36212,3.186953,"line fishing",NA,NA,2019-08-21 07:30:00,"Zeebrugge westerdam",51.36212,3.186953,NA,"Total length",44,"cm",NA,NA,NA,NA,NA,NA,NA,NA,NA,1180,"g",4,"years","unknown",NA,"wild",NA,NA,NA,NA,NA,NA,"internal,internal","inserted in abdominal cavity, midventral line incision, 3 stitches using non-absorbable filament,inserted in abdominal cavity, midventral line incision, 3 stitches using non-absorbable filament","Yes, sample 120",NA,NA,"clove oil",NA,"0.05 ml/L",NA,NA,NA,NA,NA,NA,NA,"tag activation time 07:47 (UTC); Scale sample 16 (age 3 - 5 years); Peterson Tag 007",2019-08-21
"57",5212,"PhD_Goossens","1292651","acoustic-archival","animal","A69-9006-3665",",","Dicentrarchus labrax","European seabass",126975,NA,NA,",",2019-08-21 07:30:00,"Zeebrugge westerdam",51.36212,3.186953,"line fishing",NA,NA,2019-08-21 07:30:00,"Zeebrugge westerdam",51.36212,3.186953,NA,"Total length",43,"cm",NA,NA,NA,NA,NA,NA,NA,NA,NA,1150,"g",4.5,"years","unknown",NA,"wild",NA,NA,NA,NA,NA,NA,"internal,internal","inserted in abdominal cavity, midventral line incision, 3 stitches using non-absorbable filament,inserted in abdominal cavity, midventral line incision, 3 stitches using non-absorbable filament","Yes, sample 121",NA,NA,"clove oil",NA,"0.05 ml/L",NA,NA,NA,NA,NA,NA,NA,"tag activation time 07:58 (UTC); Scale sample 17 (age 4 - 5 years); Peterson Tag 009",2019-08-21
"58",5213,"PhD_Goossens","1292658","acoustic-archival","animal","A69-9006-3678",",","Dicentrarchus labrax","European seabass",126975,NA,NA,",",2019-08-21 08:00:00,"Zeebrugge westerdam",51.36212,3.186953,"line fishing",NA,NA,2019-08-21 08:00:00,"Zeebrugge westerdam",51.36212,3.186953,NA,"Total length",45,"cm",NA,NA,NA,NA,NA,NA,NA,NA,NA,1350,"g",4,"years","unknown",NA,"wild",NA,NA,NA,NA,NA,NA,"internal,internal","inserted in abdominal cavity, midventral line incision, 3 stitches using non-absorbable filament,inserted in abdominal cavity, midventral line incision, 3 stitches using non-absorbable filament","Yes, sample 122",NA,NA,"clove oil",NA,"0.05 ml/L",NA,NA,NA,NA,NA,NA,NA,"tag activation time 08:10 (UTC); Scale sample 18 (age 3 - 5 years); Peterson Tag 010",2019-08-21
"59",5214,"PhD_Goossens","1293276","acoustic-archival","animal","A69-9006-3745",",","Dicentrarchus labrax","European seabass",126975,NA,NA,",",2019-08-21 08:00:00,"Zeebrugge westerdam",51.36212,3.186953,"line fishing",NA,NA,2019-08-21 08:00:00,"Zeebrugge westerdam",51.36212,3.186953,NA,"Total length",49,"cm",NA,NA,NA,NA,NA,NA,NA,NA,NA,1560,"g",6,"years","unknown",NA,"wild",NA,NA,NA,NA,NA,NA,"internal,internal","inserted in abdominal cavity, midventral line incision, 3 stitches using non-absorbable filament,inserted in abdominal cavity, midventral line incision, 3 stitches using non-absorbable filament","Yes, sample 123",NA,NA,"clove oil",NA,"0.05 ml/L",NA,NA,NA,NA,NA,NA,NA,"tag activation time 08:21 (UTC); Scale sample 19; Peterson Tag 011; comment: hard particles in adominal cavity",2019-08-21
"60",5215,"PhD_Goossens","1293280","acoustic-archival","animal","A69-9006-3752",",","Dicentrarchus labrax","European seabass",126975,NA,NA,",",2019-08-21 08:30:00,"Zeebrugge westerdam",51.36212,3.186953,"line fishing",NA,NA,2019-08-21 08:30:00,"Zeebrugge westerdam",51.36212,3.186953,NA,"Total length",46.5,"cm",NA,NA,NA,NA,NA,NA,NA,NA,NA,1430,"g",5,"years","unknown",NA,"wild",NA,NA,NA,NA,NA,NA,"internal,internal","inserted in abdominal cavity, midventral line incision, 3 stitches using non-absorbable filament,inserted in abdominal cavity, midventral line incision, 3 stitches using non-absorbable filament","Yes, sample 124",NA,NA,"clove oil",NA,"0.05 ml/L",NA,NA,NA,NA,NA,NA,NA,"tag activation time 08:42 (UTC); Scale sample 20; Peterson Tag 012",2019-08-21
"61",5216,"PhD_Goossens","1293278","acoustic-archival","animal","A69-9006-3749",",","Dicentrarchus labrax","European seabass",126975,NA,NA,",",2019-08-21 08:30:00,"Zeebrugge westerdam",51.36212,3.186953,"line fishing",NA,NA,2019-08-21 08:30:00,"Zeebrugge westerdam",51.36212,3.186953,NA,"Total length",52.5,"cm",NA,NA,NA,NA,NA,NA,NA,NA,NA,1900,"g",5,"years","unknown",NA,"wild",NA,NA,NA,NA,NA,NA,"internal,internal","inserted in abdominal cavity, midventral line incision, 3 stitches using non-absorbable filament,inserted in abdominal cavity, midventral line incision, 3 stitches using non-absorbable filament","Yes, sample 125",NA,NA,"clove oil",NA,"0.05 ml/L",NA,NA,NA,NA,NA,NA,NA,"tag activation time 08:54 (UTC); Scale sample 21; Peterson Tag 013",2019-08-21
"62",5257,"PhD_Goossens","1293291","acoustic-archival","animal","A69-9006-3774",",","Dicentrarchus labrax","European seabass",126975,NA,NA,",",2019-10-05 10:00:00,"Hoofdplaat",51.36513333,3.69595,"line fishing",NA,NA,2019-10-05 10:00:00,"Hoofdplaat",51.36513333,3.69595,NA,"Total length",43.5,"cm",NA,NA,NA,NA,NA,NA,NA,NA,NA,905,"g",4,"years","unknown",NA,"wild",NA,NA,NA,NA,NA,NA,"internal,internal","inserted in abdominal cavity, midventral line incision, 3 stitches using non-absorbable filament,inserted in abdominal cavity, midventral line incision, 3 stitches using non-absorbable filament","Yes, sample 126",NA,NA,"clove oil",NA,"0.05 ml/L",NA,NA,NA,NA,NA,NA,NA,"tag activation time 09:56 (UTC); Scale sample 22; Peterson Tag 015",2019-10-05
"63",5363,"PhD_Goossens","1293290","acoustic-archival","animal","A69-9006-3772",",","Dicentrarchus labrax","European seabass",126975,NA,NA,",",2019-10-12 10:30:00,"Nummer 1",51.387806,3.600648,"line fishing",NA,NA,2019-10-12 10:30:00,"Nummer 1",51.387806,3.600648,NA,"Total length",45,"cm",NA,NA,NA,NA,NA,NA,NA,NA,NA,1150,"g",4,"years","unknown",NA,"wild",NA,NA,NA,NA,NA,NA,"internal,internal","inserted in abdominal cavity, midventral line incision, 3 stitches using non-absorbable filament,inserted in abdominal cavity, midventral line incision, 3 stitches using non-absorbable filament","Yes, sample 127",NA,NA,"clove oil",NA,"0.05 ml/L",NA,NA,NA,NA,NA,NA,NA,"tag activation time 10:47 (UTC); Scale sample 23; Peterson Tag 016 0",2019-10-12
"64",5364,"PhD_Goossens","1293289","acoustic-archival","animal","A69-9006-3770",",","Dicentrarchus labrax","European seabass",126975,NA,NA,",",2019-10-12 12:00:00,"Hoofdplaat",51.36513333,3.69595,"line fishing",NA,NA,2019-10-12 12:00:00,"Hoofdplaat",51.36513333,3.69595,NA,"Total length",42,"cm",NA,NA,NA,NA,NA,NA,NA,NA,NA,970,"g",4,"years","unknown",NA,"wild",NA,NA,NA,NA,NA,NA,"internal,internal","inserted in abdominal cavity, midventral line incision, 3 stitches using non-absorbable filament,inserted in abdominal cavity, midventral line incision, 3 stitches using non-absorbable filament","Yes, sample 128",NA,NA,"clove oil",NA,"0.05 ml/L",NA,NA,NA,NA,NA,NA,NA,"tag activation time 11:56 (UTC); Scale sample 24; Peterson Tag 017",2019-10-12
"65",5365,"PhD_Goossens","1293288","acoustic-archival","animal","A69-9006-3769",",","Dicentrarchus labrax","European seabass",126975,NA,NA,",",2019-10-14 06:30:00,"Offshore wreck",51.542083333,2.3173,"line fishing",NA,NA,2019-10-14 06:30:00,"Offshore wreck",51.542083333,2.3173,NA,"Total length",49,"cm",NA,NA,NA,NA,NA,NA,NA,NA,NA,1600,"g",6.5,"years","unknown",NA,"wild",NA,NA,NA,NA,NA,NA,"internal,internal","inserted in abdominal cavity, midventral line incision, 3 stitches using non-absorbable filament,inserted in abdominal cavity, midventral line incision, 3 stitches using non-absorbable filament","Yes, sample 129",NA,NA,"clove oil",NA,"0.05 ml/L",NA,NA,NA,NA,NA,NA,NA,"tag activation time 06:22 (UTC); Scale sample 25 (age 6 - 7 years); Peterson Tag 018; weight unsure",2019-10-14
"66",5366,"PhD_Goossens","1293287","acoustic-archival","animal","A69-9006-3766",",","Dicentrarchus labrax","European seabass",126975,NA,NA,",",2019-10-14 07:00:00,"Offshore wreck",51.542083333,2.3173,"line fishing",NA,NA,2019-10-14 07:00:00,"Offshore wreck",51.542083333,2.3173,2019-10-14 22:00:00,"Total length",54,"cm",NA,NA,NA,NA,NA,NA,NA,NA,NA,1800,"g",7,"years","unknown",NA,"wild",NA,NA,NA,NA,NA,NA,"internal,internal","inserted in abdominal cavity, midventral line incision, 3 stitches using non-absorbable filament,inserted in abdominal cavity, midventral line incision, 3 stitches using non-absorbable filament","Yes, sample 130",NA,NA,"clove oil",NA,"0.05 ml/L",NA,NA,NA,NA,NA,NA,NA,"tag activation time 07:15 (UTC); Scale sample 26; Peterson Tag 019; weight unsure; problem during release: fish did not dive
Tag recovered 56.438785	8.122865 (fish not recovered)",2019-10-14
"67",5367,"PhD_Goossens","1293286","acoustic-archival","animal","A69-9006-3765",",","Dicentrarchus labrax","European seabass",126975,NA,NA,",",2019-10-14 07:30:00,"Offshore wreck",51.542083333,2.3173,"line fishing",NA,NA,2019-10-14 07:30:00,"Offshore wreck",51.542083333,2.3173,NA,"Total length",52,"cm",NA,NA,NA,NA,NA,NA,NA,NA,NA,1900,"g",6.5,"years","unknown",NA,"wild",NA,NA,NA,NA,NA,NA,"internal,internal","inserted in abdominal cavity, midventral line incision, 3 stitches using non-absorbable filament,inserted in abdominal cavity, midventral line incision, 3 stitches using non-absorbable filament","Yes, sample 131",NA,NA,"clove oil",NA,"0.05 ml/L",NA,NA,NA,NA,NA,NA,NA,"tag activation time 07:31 (UTC); Scale sample 27 (age 6 - 7 years); Peterson Tag 020; weight unsure; problem during release: fish did not dive",2019-10-14
"68",5368,"PhD_Goossens","1293285","acoustic-archival","animal","A69-9006-3762",",","Dicentrarchus labrax","European seabass",126975,NA,NA,",",2019-10-14 07:30:00,"Offshore wreck",51.542083333,2.3173,"line fishing",NA,NA,2019-10-14 07:30:00,"Offshore wreck",51.542083333,2.3173,NA,"Total length",47.5,"cm",NA,NA,NA,NA,NA,NA,NA,NA,NA,1500,"g",6,"years","unknown",NA,"wild",NA,NA,NA,NA,NA,NA,"internal,internal","inserted in abdominal cavity, midventral line incision, 3 stitches using non-absorbable filament,inserted in abdominal cavity, midventral line incision, 3 stitches using non-absorbable filament","Yes, sample 132",NA,NA,"clove oil",NA,"0.05 ml/L",NA,NA,NA,NA,NA,NA,NA,"tag activation time 07:52 (UTC); Scale sample 28; Peterson Tag 021; weight unsure",2019-10-14
"69",5369,"PhD_Goossens","1293284","acoustic-archival","animal","A69-9006-3761",",","Dicentrarchus labrax","European seabass",126975,NA,NA,",",2019-10-14 08:00:00,"Offshore wreck",51.542083333,2.3173,"line fishing",NA,NA,2019-10-14 08:00:00,"Offshore wreck",51.542083333,2.3173,NA,"Total length",49,"cm",NA,NA,NA,NA,NA,NA,NA,NA,NA,1700,"g",6,"years","unknown",NA,"wild",NA,NA,NA,NA,NA,NA,"internal,internal","inserted in abdominal cavity, midventral line incision, 3 stitches using non-absorbable filament,inserted in abdominal cavity, midventral line incision, 3 stitches using non-absorbable filament","Yes, sample 133",NA,NA,"clove oil",NA,"0.05 ml/L",NA,NA,NA,NA,NA,NA,NA,"tag activation time 08:16 (UTC); Scale sample 29; Peterson Tag 022; weight unsure; problem during release: fish did not dive",2019-10-14
"70",5370,"PhD_Goossens","1293269","acoustic-archival","animal","A69-9006-3730",",","Dicentrarchus labrax","European seabass",126975,NA,NA,",",2019-10-14 08:30:00,"Offshore wreck",51.542083333,2.3173,"line fishing",NA,NA,2019-10-14 08:30:00,"Offshore wreck",51.542083333,2.3173,NA,"Total length",42.5,"cm",NA,NA,NA,NA,NA,NA,NA,NA,NA,1300,"g",5.5,"years","unknown",NA,"wild",NA,NA,NA,NA,NA,NA,"internal,internal","inserted in abdominal cavity, midventral line incision, 3 stitches using non-absorbable filament,inserted in abdominal cavity, midventral line incision, 3 stitches using non-absorbable filament","Yes, sample 134",NA,NA,"clove oil",NA,"0.05 ml/L",NA,NA,NA,NA,NA,NA,NA,"tag activation time 08:36 (UTC); Scale sample 30 (age 5 - 6 years); Peterson Tag 023; weight unsur",2019-10-14
"71",5371,"PhD_Goossens","1293270","acoustic-archival","animal","A69-9006-3733",",","Dicentrarchus labrax","European seabass",126975,NA,NA,",",2019-10-14 08:30:00,"Offshore wreck",51.542083333,2.3173,"line fishing",NA,NA,2019-10-14 08:30:00,"Offshore wreck",51.542083333,2.3173,NA,"Total length",57,"cm",NA,NA,NA,NA,NA,NA,NA,NA,NA,NA,NA,9,"years","unknown",NA,"wild",NA,NA,NA,NA,NA,NA,"internal,internal","inserted in abdominal cavity, midventral line incision, 3 stitches using non-absorbable filament,inserted in abdominal cavity, midventral line incision, 3 stitches using non-absorbable filament","Yes, sample 135",NA,NA,"clove oil",NA,"0.05 ml/L",NA,NA,NA,NA,NA,NA,NA,"tag activation time 08:55 (UTC); Scale sample 31; Peterson Tag 024; weight unsure",2019-10-14
"72",5372,"PhD_Goossens","1293292","acoustic-archival","animal","A69-9006-3777",",","Dicentrarchus labrax","European seabass",126975,NA,NA,",",2019-10-14 09:00:00,"Offshore wreck",51.542083333,2.3173,"line fishing",NA,NA,2019-10-14 09:00:00,"Offshore wreck",51.542083333,2.3173,NA,"Total length",49,"cm",NA,NA,NA,NA,NA,NA,NA,NA,NA,NA,NA,6.5,"years","unknown",NA,"wild",NA,NA,NA,NA,NA,NA,"internal,internal","inserted in abdominal cavity, midventral line incision, 3 stitches using non-absorbable filament,inserted in abdominal cavity, midventral line incision, 3 stitches using non-absorbable filament","Yes, sample 136",NA,NA,"clove oil",NA,"0.05 ml/L",NA,NA,NA,NA,NA,NA,NA,"tag activation time 09:16 (UTC); Scale sample 32 (age 6 - 7 years); Peterson Tag 026",2019-10-14
"73",5373,"PhD_Goossens","1293267","acoustic-archival","animal","A69-9006-3726",",","Dicentrarchus labrax","European seabass",126975,NA,NA,",",2019-10-14 10:00:00,"Offshore wreck",51.542083333,2.3173,"line fishing",NA,NA,2019-10-14 10:00:00,"Offshore wreck",51.542083333,2.3173,NA,"Total length",42.5,"cm",NA,NA,NA,NA,NA,NA,NA,NA,NA,NA,NA,4,"years","unknown",NA,"wild",NA,NA,NA,NA,NA,NA,"internal,internal","inserted in abdominal cavity, midventral line incision, 3 stitches using non-absorbable filament,inserted in abdominal cavity, midventral line incision, 3 stitches using non-absorbable filament","Yes, sample 138",NA,NA,"clove oil",NA,"0.05 ml/L",NA,NA,NA,NA,NA,NA,NA,"tag activation time 10:07 (UTC); Scale sample 34; Peterson Tag 028",2019-10-14
"74",5374,"PhD_Goossens","1293268","acoustic-archival","animal","A69-9006-3729",",","Dicentrarchus labrax","European seabass",126975,NA,NA,",",2019-10-14 10:00:00,"Offshore wreck",51.542083333,2.3173,"line fishing",NA,NA,2019-10-14 10:00:00,"Offshore wreck",51.542083333,2.3173,NA,"Total length",43.5,"cm",NA,NA,NA,NA,NA,NA,NA,NA,NA,NA,NA,5,"years","unknown",NA,"wild",NA,NA,NA,NA,NA,NA,"internal,internal","inserted in abdominal cavity, midventral line incision, 3 stitches using non-absorbable filament,inserted in abdominal cavity, midventral line incision, 3 stitches using non-absorbable filament","Yes, sample 139",NA,NA,"clove oil",NA,"0.05 ml/L",NA,NA,NA,NA,NA,NA,NA,"tag activation time 09:38 (UTC); Scale sample 35; Peterson Tag 029",2019-10-14
"75",5375,"PhD_Goossens","1293266","acoustic-archival","animal","A69-9006-3724",",","Dicentrarchus labrax","European seabass",126975,NA,NA,",",2019-10-14 12:30:00,"Offshore wreck",51.542083333,2.3173,"line fishing",NA,NA,2019-10-14 12:30:00,"Offshore wreck",51.542083333,2.3173,NA,"Total length",43,"cm",NA,NA,NA,NA,NA,NA,NA,NA,NA,NA,NA,4,"years","unknown",NA,"wild",NA,NA,NA,NA,NA,NA,"internal,internal","inserted in abdominal cavity, midventral line incision, 3 stitches using non-absorbable filament,inserted in abdominal cavity, midventral line incision, 3 stitches using non-absorbable filament","Yes, sample 140",NA,NA,"clove oil",NA,"0.05 ml/L",NA,NA,NA,NA,NA,NA,NA,"tag activation time 12:42 (UTC); Scale sample 36; Peterson Tag 030",2019-10-14
"76",5376,"PhD_Goossens","1293264","acoustic-archival","animal","A69-9006-3720",",","Dicentrarchus labrax","European seabass",126975,NA,NA,",",2019-10-14 13:00:00,"Offshore wreck",51.542083333,2.3173,"line fishing",NA,NA,2019-10-14 13:00:00,"Offshore wreck",51.542083333,2.3173,2021-07-16,"Total length",NA,"cm",NA,NA,NA,NA,NA,NA,NA,NA,NA,NA,NA,NA,NA,"unknown",NA,"wild",NA,NA,NA,NA,NA,NA,"internal,internal","inserted in abdominal cavity, midventral line incision, 3 stitches using non-absorbable filament,inserted in abdominal cavity, midventral line incision, 3 stitches using non-absorbable filament","No",NA,NA,"clove oil",NA,"0.05 ml/L",NA,NA,NA,NA,NA,NA,NA,"tag activation time 13:15 (UTC); Peterson Tag 033
Found 16/7/2021 on Strand van Ameland. Naast paal 17 53.463219, 5.834214",2019-10-14
"77",5377,"PhD_Goossens","1293263","acoustic-archival","animal","A69-9006-3719",",","Dicentrarchus labrax","European seabass",126975,NA,NA,",",2019-10-14 13:00:00,"Offshore wreck",51.542083333,2.3173,"line fishing",NA,NA,2019-10-14 13:00:00,"Offshore wreck",51.542083333,2.3173,NA,"Total length",43,"cm",NA,NA,NA,NA,NA,NA,NA,NA,NA,NA,NA,5,"years","unknown",NA,"wild",NA,NA,NA,NA,NA,NA,"internal,internal","inserted in abdominal cavity, midventral line incision, 3 stitches using non-absorbable filament,inserted in abdominal cavity, midventral line incision, 3 stitches using non-absorbable filament","Yes, sample 142",NA,NA,"clove oil",NA,"0.05 ml/L",NA,NA,NA,NA,NA,NA,NA,"tag activation time 13:00 (UTC); Scale sample 38; Peterson Tag 034",2019-10-14
"78",5378,"PhD_Goossens","1293265","acoustic-archival","animal","A69-9006-3722",",","Dicentrarchus labrax","European seabass",126975,NA,NA,",",2019-10-14 13:30:00,"Offshore wreck",51.542083333,2.3173,"line fishing",NA,NA,2019-10-14 13:30:00,"Offshore wreck",51.542083333,2.3173,NA,"Total length",43.5,"cm",NA,NA,NA,NA,NA,NA,NA,NA,NA,NA,NA,5,"years","unknown",NA,"wild",NA,NA,NA,NA,NA,NA,"internal,internal","inserted in abdominal cavity, midventral line incision, 3 stitches using non-absorbable filament,inserted in abdominal cavity, midventral line incision, 3 stitches using non-absorbable filament","Yes, sample 143",NA,NA,"clove oil",NA,"0.05 ml/L",NA,NA,NA,NA,NA,NA,NA,"tag activation time 13:47 (UTC); Scale sample 39; Peterson Tag 035",2019-10-14
"79",7166,"PhD_Goossens","1400201","acoustic-archival","animal","A69-9006-11131",",","Dicentrarchus labrax","European seabass",126975,"J_027",NA,",",2020-06-19 10:30:00,"Belwind_sand",51.64829156,2.79150179,"line fishing",NA,NA,2020-06-19 11:00:00,"Belwind_sand",51.64829156,2.79150179,NA,"Total length",43,"cm",NA,NA,NA,NA,NA,NA,NA,NA,NA,NA,NA,5,"years","unknown",NA,"wild",NA,NA,NA,NA,NA,NA,"internal,internal","inserted in abdominal cavity, midventral line incision, 3 stitches using non-absorbable filament,inserted in abdominal cavity, midventral line incision, 3 stitches using non-absorbable filament","No",NA,NA,"clove oil",NA,"0.05 ml/L",NA,NA,NA,NA,NA,NA,NA,"UTC activation time: 10:48; Peterson 027; Scale 44",2020-06-19
"80",7167,"PhD_Goossens","1400209","acoustic-archival","animal","A69-9006-11147",",","Dicentrarchus labrax","European seabass",126975,"J_031",NA,",",2020-06-19 12:00:00,"Belwind_sand",51.64829156,2.79150179,"line fishing",NA,NA,2020-06-19 12:30:00,"Belwind_sand",51.64829156,2.79150179,2022-06-11,"Total length",49,"cm",NA,NA,NA,NA,NA,NA,NA,NA,NA,NA,NA,5,"years","unknown",NA,"wild",NA,NA,NA,NA,NA,NA,"internal,internal","inserted in abdominal cavity, midventral line incision, 3 stitches using non-absorbable filament,inserted in abdominal cavity, midventral line incision, 3 stitches using non-absorbable filament","Yes, 144",NA,NA,"clove oil",NA,"0.05 ml/L",NA,NA,NA,NA,NA,NA,NA,"UTC activation time: 12:16; Peterson 031; Scale 45
Finder location: Le Touquet beach, France",2020-06-19
"81",7169,"PhD_Goossens","1271077","acoustic-archival","animal","A69-9006-949",",","Dicentrarchus labrax","European seabass",126975,"4630",NA,",",2020-08-07 04:00:00,"Zeebrugge_innerport",51.312317,3.211222,"line fishing",NA,NA,2020-08-07 04:00:00,"Zeebrugge_innerport",51.312317,3.211222,NA,"Total length",41,"cm",NA,NA,NA,NA,NA,NA,NA,NA,NA,911,NA,NA,NA,"unknown",NA,"wild",NA,NA,NA,NA,NA,NA,"internal,internal","inserted in abdominal cavity, midventral line incision, 3 stitches using non-absorbable filament,inserted in abdominal cavity, midventral line incision, 3 stitches using non-absorbable filament","Yes, 67",NA,NA,"clove oil",NA,"0.05 ml/L",NA,NA,NA,NA,NA,NA,NA,"Peterson 4630; Scale 51",2020-08-07
"82",7170,"PhD_Goossens","1350784","acoustic-archival","animal","A69-9006-10813","","Dicentrarchus labrax","European seabass",126975,"4638",NA,"",2020-08-07 04:30:00,"Zeebrugge_innerport",51.312317,3.211222,"line fishing",NA,NA,2020-08-07 04:30:00,"Zeebrugge_innerport",51.312317,3.211222,NA,"Total length",43,"cm",NA,NA,NA,NA,NA,NA,NA,NA,NA,912,NA,NA,NA,"unknown",NA,"wild",NA,NA,NA,NA,NA,NA,"internal","inserted in abdominal cavity, midventral line incision, 3 stitches using non-absorbable filament","Yes, 66",NA,NA,"clove oil",NA,"0.05 ml/L",NA,NA,NA,NA,NA,NA,NA,"Peterson 4638; Scale 55",2020-08-07
"83",7171,"PhD_Goossens","1400185","acoustic-archival","animal","A69-9006-11099",",","Dicentrarchus labrax","European seabass",126975,"J_041",NA,",",2020-08-07 05:20:00,"Zeebrugge_innerport",51.312317,3.211222,"line fishing",NA,NA,2020-08-07 05:30:00,"Zeebrugge_innerport",51.312317,3.211222,NA,"Total length",51,"cm",NA,NA,NA,NA,NA,NA,NA,NA,NA,1615,NA,6,"years","unknown",NA,"wild",NA,NA,NA,NA,NA,NA,"internal,internal","inserted in abdominal cavity, midventral line incision, 3 stitches using non-absorbable filament,inserted in abdominal cavity, midventral line incision, 3 stitches using non-absorbable filament","Yes, 65",NA,NA,"clove oil",NA,"0.05 ml/L",NA,NA,NA,NA,NA,NA,NA,"UTC activation time 05:20; Peterson J041; Scale 56
(issue: two fish with J041 in notes)",2020-08-07
"84",7172,"PhD_Goossens","1350785","acoustic-archival","animal","A69-9006-10814","","Dicentrarchus labrax","European seabass",126975,"4649",NA,"",2020-08-07 06:00:00,"Zeebrugge_innerport_Verbindingsdok",51.323759,3.225384,"line fishing",NA,NA,2020-08-07 06:15:00,"Zeebrugge_innerport_Verbindingsdok",51.323759,3.225384,NA,"Total length",48,"cm",NA,NA,NA,NA,NA,NA,NA,NA,NA,1387,NA,NA,NA,"unknown",NA,"wild",NA,NA,NA,NA,NA,NA,"internal","inserted in abdominal cavity, midventral line incision, 3 stitches using non-absorbable filament","Yes, 62",NA,NA,"clove oil",NA,"0.05 ml/L",NA,NA,NA,NA,NA,NA,NA,"Peterson 4649; Scale 62",2020-08-07
"85",7173,"PhD_Goossens","1350788","acoustic-archival","animal","A69-9006-10817","","Dicentrarchus labrax","European seabass",126975,"4650",NA,"",2020-08-07 06:10:00,"Zeebrugge_innerport_Verbindingsdok",51.323759,3.225384,"line fishing",NA,NA,2020-08-07 06:25:00,"Zeebrugge_innerport_Verbindingsdok",51.323759,3.225384,NA,"Total length",46,"cm",NA,NA,NA,NA,NA,NA,NA,NA,NA,1454,NA,NA,NA,"unknown",NA,"wild",NA,NA,NA,NA,NA,NA,"internal","inserted in abdominal cavity, midventral line incision, 3 stitches using non-absorbable filament","Yes, 71",NA,NA,"clove oil",NA,"0.05 ml/L",NA,NA,NA,NA,NA,NA,NA,"Peterson 4650; Scale 63",2020-08-07
"86",7174,"PhD_Goossens","1350787","acoustic-archival","animal","A69-9006-10816","","Dicentrarchus labrax","European seabass",126975,"4655",NA,"",2020-08-07 07:20:00,"Zeebrugge_innerport_Insteekdok",51.311808,3.228482,"line fishing",NA,NA,2020-08-07 07:35:00,"Zeebrugge_innerport_Insteekdok",51.311808,3.228482,NA,"Total length",45,"cm",NA,NA,NA,NA,NA,NA,NA,NA,NA,1093,NA,NA,NA,"unknown",NA,"wild",NA,NA,NA,NA,NA,NA,"internal","inserted in abdominal cavity, midventral line incision, 3 stitches using non-absorbable filament","Yes, 72",NA,NA,"clove oil",NA,"0.05 ml/L",NA,NA,NA,NA,NA,NA,NA,"Peterson 4655; Scale 67",2020-08-07
"87",7175,"PhD_Goossens","1350786","acoustic-archival","animal","A69-9006-10815","","Dicentrarchus labrax","European seabass",126975,"4669",NA,"",2020-08-07 07:50:00,"Zeebrugge_innerport_Insteekdok",51.311808,3.228482,"line fishing",NA,NA,2020-08-07 08:05:00,"Zeebrugge_innerport_Insteekdok",51.311808,3.228482,NA,"Total length",43,"cm",NA,NA,NA,NA,NA,NA,NA,NA,NA,971,NA,NA,NA,"unknown",NA,"wild",NA,NA,NA,NA,NA,NA,"internal","inserted in abdominal cavity, midventral line incision, 3 stitches using non-absorbable filament","Yes, 73",NA,NA,"clove oil",NA,"0.05 ml/L",NA,NA,NA,NA,NA,NA,NA,"Peterson 4669; Scale 78",2020-08-07
"88",7176,"PhD_Goossens","1400186","acoustic-archival","animal","A69-9006-11101",",","Dicentrarchus labrax","European seabass",126975,"J_041",NA,",",2020-08-07 08:00:00,"Zeebrugge_innerport_Insteekdok",51.311808,3.228482,"line fishing",NA,NA,2020-08-07 08:15:00,"Zeebrugge_innerport_Insteekdok",51.311808,3.228482,NA,"Total length",57,"cm",NA,NA,NA,NA,NA,NA,NA,NA,NA,2045,NA,7,"years","unknown",NA,"wild",NA,NA,NA,NA,NA,NA,"internal,internal","inserted in abdominal cavity, midventral line incision, 3 stitches using non-absorbable filament,inserted in abdominal cavity, midventral line incision, 3 stitches using non-absorbable filament","Yes, 74",NA,NA,"clove oil",NA,"0.05 ml/L",NA,NA,NA,NA,NA,NA,NA,"UTC activation time 08:06; Peterson J041; Scale 80
(issue: two fish with J041 in notes)",2020-08-07
"89",9089,"PhD_Goossens","1350779","acoustic-archival","animal","A69-9006-10808","","Dicentrarchus labrax","European seabass",126975,"4680",NA,"",2020-08-07 09:00:00,"Zeebrugge_innerport",51.312317,3.211222,"line fishing",NA,NA,2020-08-07 09:30:00,"Zeebrugge_innerport",51.312317,3.211222,NA,"Total length",42,"cm",NA,NA,NA,NA,NA,NA,NA,NA,NA,954,NA,NA,NA,"unknown",NA,"wild",NA,NA,NA,NA,NA,NA,"internal","inserted in abdominal cavity, midventral line incision, 3 stitches using non-absorbable filament","Yes, 75",NA,NA,"clove oil",NA,"0.05 ml/L",NA,NA,NA,NA,NA,NA,NA,"Peterson 4680; Scale 85",2020-08-07
"90",9090,"PhD_Goossens","1350780","acoustic-archival","animal","A69-9006-10809","","Dicentrarchus labrax","European seabass",126975,"4683",NA,"",2020-08-07 09:00:00,"Zeebrugge_innerport",51.312317,3.211222,"line fishing",NA,NA,2020-08-07 09:30:00,"Zeebrugge_innerport",51.312317,3.211222,NA,"Total length",42,"cm",NA,NA,NA,NA,NA,NA,NA,NA,NA,863,NA,NA,NA,"unknown",NA,"wild",NA,NA,NA,NA,NA,NA,"internal","inserted in abdominal cavity, midventral line incision, 3 stitches using non-absorbable filament","Yes, 76",NA,NA,"clove oil",NA,"0.05 ml/L",NA,NA,NA,NA,NA,NA,NA,"Peterson 4683; Scale 88",2020-08-07
"91",7179,"PhD_Goossens","1400187","acoustic-archival","animal","A69-9006-11104",",","Dicentrarchus labrax","European seabass",126975,"J_042",NA,",",2020-08-07 09:30:00,"Zeebrugge_innerport_Insteekdok",51.311808,3.228482,"line fishing",NA,NA,2020-08-07 09:45:00,"Zeebrugge_innerport_Verbindingsdok",51.323759,3.225384,NA,"Total length",57,"cm",NA,NA,NA,NA,NA,NA,NA,NA,NA,2203,NA,NA,NA,"unknown",NA,"wild",NA,NA,NA,NA,NA,NA,"internal,internal","inserted in abdominal cavity, midventral line incision, 3 stitches using non-absorbable filament,inserted in abdominal cavity, midventral line incision, 3 stitches using non-absorbable filament","Yes, 77",NA,NA,"clove oil",NA,"0.05 ml/L",NA,NA,NA,NA,NA,NA,NA,"UTC activation time 09:35; Peterson J042; Scale NA",2020-08-07
"92",7168,"PhD_Goossens","1350781","acoustic-archival","animal","A69-9006-10810","","Dicentrarchus labrax","European seabass",126975,NA,NA,"",2020-08-11 09:30:00,"Belwind_C08",51.65186962,2.79193866,"line fishing",NA,NA,2020-08-11 10:00:00,"Belwind_C08",51.65186962,2.79193866,NA,"Total length",35,"cm",NA,NA,NA,NA,NA,NA,NA,NA,NA,NA,NA,NA,NA,"unknown",NA,"wild",NA,NA,NA,NA,NA,NA,"internal","inserted in abdominal cavity, midventral line incision, 3 stitches using non-absorbable filament","Yes, 78",NA,NA,"clove oil",NA,"0.05 ml/L",NA,NA,NA,NA,NA,NA,NA,"Scale 40",2020-08-11
"93",7188,"PhD_Goossens","1400208","acoustic-archival","animal","A69-9006-11145",",","Dicentrarchus labrax","European seabass",126975,"J_045",NA,",",2020-08-13 10:50:00,"Belwind_sand",51.64829156,2.79150179,"line fishing",NA,NA,2020-08-13 11:30:00,"Belwind_C09",51.64766404,2.78837585,NA,"Total length",53,"cm",NA,NA,NA,NA,NA,NA,NA,NA,NA,NA,NA,NA,NA,"unknown",NA,"wild",NA,NA,NA,NA,NA,NA,"internal,internal","inserted in abdominal cavity, midventral line incision, 3 stitches using non-absorbable filament,inserted in abdominal cavity, midventral line incision, 3 stitches using non-absorbable filament","No",NA,NA,"clove oil",NA,"0.05 ml/L",NA,NA,NA,NA,NA,NA,NA,"UTC tag activation 10:59, Peterson J_045 (tagged by Jolien Buyse) (Name: Perry)",2020-08-13
"94",7189,"PhD_Goossens","1400207","acoustic-archival","animal","A69-9006-11144",",","Dicentrarchus labrax","European seabass",126975,"J_044",NA,",",2020-08-14 09:00:00,"Belwind_D09",51.64452393,2.79512513,"line fishing",NA,NA,2020-08-14 09:30:00,"Belwind_D09",51.64452393,2.79512513,NA,"Total length",45,"cm",NA,NA,NA,NA,NA,NA,NA,NA,NA,NA,NA,5,"years","unknown",NA,"wild",NA,NA,NA,NA,NA,NA,"internal,internal","inserted in abdominal cavity, midventral line incision, 3 stitches using non-absorbable filament,inserted in abdominal cavity, midventral line incision, 3 stitches using non-absorbable filament","Yes, 107",NA,NA,"clove oil",NA,"0.05 ml/L",NA,NA,NA,NA,NA,NA,NA,"UTC tag activation 09:21, Peterson J_044; Scale 48 (age 5 - 6years) (Name: Marc Depaepe)",2020-08-14
"95",7190,"PhD_Goossens","1400202","acoustic-archival","animal","A69-9006-11133",",","Dicentrarchus labrax","European seabass",126975,"J_036",NA,",",2020-08-18 18:50:00,"Noordede",51.222913,2.944148,"line fishing",NA,NA,2020-08-18 19:15:00,"Noordede_stairs",51.222364,2.946822,2020-10-21,"Total length",56,"cm",NA,NA,NA,NA,NA,NA,NA,NA,NA,NA,NA,5,"years","unknown",NA,"wild",NA,NA,NA,NA,NA,NA,"internal,internal","inserted in abdominal cavity, midventral line incision, 3 stitches using non-absorbable filament,inserted in abdominal cavity, midventral line incision, 3 stitches using non-absorbable filament","Yes, 91",NA,NA,"clove oil",NA,"0.05 ml/L",NA,NA,NA,NA,NA,NA,NA,"UTC tag activation 18:57, Peterson J_036; Scale 100 (Name: Alexander VRF); tag found on 21/10/2020 in Vrouwenpolder Breezand",2020-08-18
"96",7191,"PhD_Goossens","1400197","acoustic-archival","animal","A69-9006-11124",",","Dicentrarchus labrax","European seabass",126975,"J_069",NA,",",2020-08-18 19:05:00,"Noordede",51.222913,2.944148,"line fishing",NA,NA,2020-08-18 19:20:00,"Noordede_stairs",51.222364,2.946822,NA,"Total length",51,"cm",NA,NA,NA,NA,NA,NA,NA,NA,NA,NA,NA,6,"years","unknown",NA,"wild",NA,NA,NA,NA,NA,NA,"internal,internal","inserted in abdominal cavity, midventral line incision, 3 stitches using non-absorbable filament,inserted in abdominal cavity, midventral line incision, 3 stitches using non-absorbable filament","Yes, 85",NA,NA,"clove oil",NA,"0.05 ml/L",NA,NA,NA,NA,NA,NA,NA,"UTC tag activation 19:13, Peterson J_069; Scale 101 (Name: Maarten VRF)",2020-08-18
"97",9092,"PhD_Goossens","1400193","acoustic-archival","animal","A69-9006-11115",",","Dicentrarchus labrax","European seabass",126975,"J_046",NA,",",2020-09-11 07:30:00,"Zeebrugge_innerport_Insteekdok",51.311808,3.228482,"line fishing",NA,NA,2020-09-11 08:00:00,"Zeebrugge_innerport_Insteekdok",51.311808,3.228482,NA,"Total length",44,"cm",NA,NA,NA,NA,NA,NA,NA,NA,NA,1115,"g",4,"years","unknown",NA,"wild",NA,NA,NA,NA,NA,NA,"internal,internal","inserted in abdominal cavity, midventral line incision, 3 stitches using non-absorbable filament,inserted in abdominal cavity, midventral line incision, 3 stitches using non-absorbable filament","Yes, 83",NA,NA,"clove oil",NA,"0.05 ml/L",NA,NA,NA,NA,NA,NA,NA,"UTC activation time 07:53; Peterson J_046; Scale 102",2020-09-11
"98",7177,"PhD_Goossens","1400192","acoustic-archival","animal","A69-9006-11114",",","Dicentrarchus labrax","European seabass",126975,"J_055",NA,",",2020-09-11 08:30:00,"Zeebrugge_innerport_Insteekdok",51.311808,3.228482,"line fishing",NA,NA,2020-09-11 08:30:00,"Zeebrugge_innerport_Insteekdok",51.311808,3.228482,NA,"Total length",47,"cm",NA,NA,NA,NA,NA,NA,NA,NA,NA,1034,NA,4.5,"years","unknown",NA,"wild",NA,NA,NA,NA,NA,NA,"internal,internal","inserted in abdominal cavity, midventral line incision, 3 stitches using non-absorbable filament,inserted in abdominal cavity, midventral line incision, 3 stitches using non-absorbable filament","Yes, 81",NA,NA,"clove oil",NA,"0.05 ml/L",NA,NA,NA,NA,NA,NA,NA,"UTC activation time 08:25; Peterson J_055; Scale 103 (age 4-5 years)",2020-09-11
"99",9091,"PhD_Goossens","1350782","acoustic-archival","animal","A69-9006-10811","","Dicentrarchus labrax","European seabass",126975,"5195",NA,"",2020-09-11 08:30:00,"Zeebrugge_innerport_Insteekdok",51.311808,3.228482,"line fishing",NA,NA,2020-09-11 09:00:00,"Zeebrugge_innerport_Insteekdok",51.311808,3.228482,NA,"Total length",39,"cm",NA,NA,NA,NA,NA,NA,NA,NA,NA,704,NA,NA,NA,"unknown",NA,"wild",NA,NA,NA,NA,NA,NA,"internal","inserted in abdominal cavity, midventral line incision, 3 stitches using non-absorbable filament","Yes, 84",NA,NA,"clove oil",NA,"0.05 ml/L",NA,NA,NA,NA,NA,NA,NA,"Peterson 5195; Scale 104 (recheck capture location)",2020-09-11
"100",7178,"PhD_Goossens","1350783","acoustic-archival","animal","A69-9006-10812","","Dicentrarchus labrax","European seabass",126975,"5255",NA,"",2020-09-11 11:00:00,"Zeebrugge_innerport_Insteekdok",51.311808,3.228482,"line fishing",NA,NA,2020-09-11 11:00:00,"Zeebrugge_innerport_Insteekdok",51.311808,3.228482,NA,"Total length",50,"cm",NA,NA,NA,NA,NA,NA,NA,NA,NA,1319,NA,NA,NA,"unknown",NA,"wild",NA,NA,NA,NA,NA,NA,"internal","inserted in abdominal cavity, midventral line incision, 3 stitches using non-absorbable filament","Yes, 80",NA,NA,"clove oil",NA,"0.05 ml/L",NA,NA,NA,NA,NA,NA,NA,"Peterson 5255; Scale 105",2020-09-11
"101",8065,"PhD_Goossens","1400216","acoustic-archival","animal","A69-9006-11161",",","Dicentrarchus labrax","European seabass",126975,"J_049",NA,",",2020-10-17 11:00:00,"Belwind_sand_C8_D9",51.64788,2.792692,"line fishing",NA,NA,2020-10-17 11:30:00,"Belwind_sand_C8_D9",51.64788,2.792692,NA,"Total length",46.5,"cm",NA,NA,NA,NA,NA,NA,NA,NA,NA,NA,NA,5,"years","unknown",NA,"wild",NA,NA,NA,NA,NA,NA,"internal,internal","inserted in abdominal cavity, midventral line incision, 3 stitches using non-absorbable filament,inserted in abdominal cavity, midventral line incision, 3 stitches using non-absorbable filament","Yes, 86",NA,NA,"clove oil",NA,"0.05 ml/L",NA,NA,NA,NA,NA,NA,NA,"UTC tag activation 11:07, Peterson J_049; Scale 106",2020-10-17
"102",8067,"PhD_Goossens","1400210","acoustic-archival","animal","A69-9006-11149",",","Dicentrarchus labrax","European seabass",126975,"J_048",NA,",",2020-10-19 08:00:00,"Gardencity",51.48725,2.308917,"line fishing",NA,NA,2020-10-19 08:30:00,"Gardencity",51.48725,2.308917,2021-05-21,"Total length",49,"cm",NA,NA,NA,NA,NA,NA,NA,NA,NA,NA,NA,5,"years","unknown",NA,"wild",NA,NA,NA,NA,NA,NA,"internal,internal","inserted in abdominal cavity, midventral line incision, 3 stitches using non-absorbable filament,inserted in abdominal cavity, midventral line incision, 3 stitches using non-absorbable filament","Yes, 101",NA,NA,"clove oil",NA,"0.05 ml/L",NA,NA,NA,NA,NA,NA,NA,"UTC tag activation 08:05, Peterson J_048; Scale 107
Caught Wreck Scotia, Dunkerque 51.10961667,  2.165266667 (49 cm, 1120 g)",2020-10-19
"103",8068,"PhD_Goossens","1400224","acoustic-archival","animal","A69-9006-11178",",","Dicentrarchus labrax","European seabass",126975,"J_050",NA,",",2020-10-19 12:55:00,"Gardencity",51.48725,2.308917,"line fishing",NA,NA,2020-10-19 13:15:00,"Gardencity",51.48725,2.308917,NA,"Total length",44,"cm",NA,NA,NA,NA,NA,NA,NA,NA,NA,NA,NA,6,"years","unknown",NA,"wild",NA,NA,NA,NA,NA,NA,"internal,internal","inserted in abdominal cavity, midventral line incision, 3 stitches using non-absorbable filament,inserted in abdominal cavity, midventral line incision, 3 stitches using non-absorbable filament","Yes, 102",NA,NA,"clove oil",NA,"0.05 ml/L",NA,NA,NA,NA,NA,NA,NA,"UTC tag activation 12:58, Peterson J_050; Scale 108",2020-10-19
"104",8069,"PhD_Goossens","1400232","acoustic-archival","animal","A69-9006-11193",",","Dicentrarchus labrax","European seabass",126975,"J_051",NA,",",2020-10-19 13:00:00,"Gardencity",51.48725,2.308917,"line fishing",NA,NA,2020-10-19 13:40:00,"Gardencity",51.48725,2.308917,NA,"Total length",43,"cm",NA,NA,NA,NA,NA,NA,NA,NA,NA,NA,NA,5,"years","unknown",NA,"wild",NA,NA,NA,NA,NA,NA,"internal,internal","inserted in abdominal cavity, midventral line incision, 3 stitches using non-absorbable filament,inserted in abdominal cavity, midventral line incision, 3 stitches using non-absorbable filament","Yes, 103",NA,NA,"clove oil",NA,"0.05 ml/L",NA,NA,NA,NA,NA,NA,NA,"UTC tag activation 13:14, Peterson J_051; Scale 109",2020-10-19
"105",8070,"PhD_Goossens","1400221","acoustic-archival","animal","A69-9006-11171",",","Dicentrarchus labrax","European seabass",126975,"J_052",NA,",",2020-10-19 13:15:00,"Gardencity",51.48725,2.308917,"line fishing",NA,NA,2020-10-19 13:45:00,"Gardencity",51.48725,2.308917,NA,"Total length",48,"cm",NA,NA,NA,NA,NA,NA,NA,NA,NA,NA,NA,6,"years","unknown",NA,"wild",NA,NA,NA,NA,NA,NA,"internal,internal","inserted in abdominal cavity, midventral line incision, 3 stitches using non-absorbable filament,inserted in abdominal cavity, midventral line incision, 3 stitches using non-absorbable filament","Yes, 104",NA,NA,"clove oil",NA,"0.05 ml/L",NA,NA,NA,NA,NA,NA,NA,"UTC tag activation 13:25, Peterson J_052; Scale 110",2020-10-19
"106",8071,"PhD_Goossens","1400222","acoustic-archival","animal","A69-9006-11173",",","Dicentrarchus labrax","European seabass",126975,"J_053",NA,",",2020-10-19 13:20:00,"Gardencity",51.48725,2.308917,"line fishing",NA,NA,2020-10-19 13:55:00,"Gardencity",51.48725,2.308917,NA,"Total length",45,"cm",NA,NA,NA,NA,NA,NA,NA,NA,NA,NA,NA,4,"years","unknown",NA,"wild",NA,NA,NA,NA,NA,NA,"internal,internal","inserted in abdominal cavity, midventral line incision, 3 stitches using non-absorbable filament,inserted in abdominal cavity, midventral line incision, 3 stitches using non-absorbable filament","Yes, 105",NA,NA,"clove oil",NA,"0.05 ml/L",NA,NA,NA,NA,NA,NA,NA,"UTC tag activation 13:38, Peterson J_053; Scale 111",2020-10-19
"107",8072,"PhD_Goossens","1400223","acoustic-archival","animal","A69-9006-11176",",","Dicentrarchus labrax","European seabass",126975,"J_054",NA,",",2020-10-19 13:20:00,"Gardencity",51.48725,2.308917,"line fishing",NA,NA,2020-10-19 14:10:00,"Gardencity",51.48725,2.308917,NA,"Total length",47,"cm",NA,NA,NA,NA,NA,NA,NA,NA,NA,NA,NA,5,"years","unknown",NA,"wild",NA,NA,NA,NA,NA,NA,"internal,internal","inserted in abdominal cavity, midventral line incision, 3 stitches using non-absorbable filament,inserted in abdominal cavity, midventral line incision, 3 stitches using non-absorbable filament","Yes, 106",NA,NA,"clove oil",NA,"0.05 ml/L",NA,NA,NA,NA,NA,NA,NA,"UTC tag activation 13:47, Peterson J_054; Scale 112 (age 5 - 6 years)",2020-10-19
"108",8073,"PhD_Goossens","1400215","acoustic-archival","animal","A69-9006-11159",",","Dicentrarchus labrax","European seabass",126975,"J_056",NA,",",2020-10-19 13:50:00,"Gardencity",51.48725,2.308917,"line fishing",NA,NA,2020-10-19 14:20:00,"Gardencity",51.48725,2.308917,NA,"Total length",50,"cm",NA,NA,NA,NA,NA,NA,NA,NA,NA,NA,NA,6,"years","unknown",NA,"wild",NA,NA,NA,NA,NA,NA,"internal,internal","inserted in abdominal cavity, midventral line incision, 3 stitches using non-absorbable filament,inserted in abdominal cavity, midventral line incision, 3 stitches using non-absorbable filament","Yes, 108",NA,NA,"clove oil",NA,"0.05 ml/L",NA,NA,NA,NA,NA,NA,NA,"UTC tag activation 14:00, Peterson J_056; Scale 113",2020-10-19
"109",8074,"PhD_Goossens","1400217","acoustic-archival","animal","A69-9006-11163",",","Dicentrarchus labrax","European seabass",126975,"J_057",NA,",",2020-10-19 13:50:00,"Gardencity",51.48725,2.308917,"line fishing",NA,NA,2020-10-19 14:30:00,"Gardencity",51.48725,2.308917,NA,"Total length",48.5,"cm",NA,NA,NA,NA,NA,NA,NA,NA,NA,NA,NA,5,"years","unknown",NA,"wild",NA,NA,NA,NA,NA,NA,"internal,internal","inserted in abdominal cavity, midventral line incision, 3 stitches using non-absorbable filament,inserted in abdominal cavity, midventral line incision, 3 stitches using non-absorbable filament","Yes, 109",NA,NA,"clove oil",NA,"0.05 ml/L",NA,NA,NA,NA,NA,NA,NA,"UTC tag activation 14:11, Peterson J_057; Scale 114",2020-10-19
"110",8075,"PhD_Goossens","1400219","acoustic-archival","animal","A69-9006-11167",",","Dicentrarchus labrax","European seabass",126975,"J_058",NA,",",2020-10-19 14:00:00,"Gardencity",51.48725,2.308917,"line fishing",NA,NA,2020-10-19 14:45:00,"Gardencity",51.48725,2.308917,NA,"Total length",43,"cm",NA,NA,NA,NA,NA,NA,NA,NA,NA,NA,NA,4,"years","unknown",NA,"wild",NA,NA,NA,NA,NA,NA,"internal,internal","inserted in abdominal cavity, midventral line incision, 3 stitches using non-absorbable filament,inserted in abdominal cavity, midventral line incision, 3 stitches using non-absorbable filament","Yes, 110",NA,NA,"clove oil",NA,"0.05 ml/L",NA,NA,NA,NA,NA,NA,NA,"UTC tag activation 14:21, Peterson J_058; Scale 115",2020-10-19
"111",8076,"PhD_Goossens","1400228","acoustic-archival","animal","A69-9006-11186",",","Dicentrarchus labrax","European seabass",126975,"J_059",NA,",",2020-10-19 14:00:00,"Gardencity",51.48725,2.308917,"line fishing",NA,NA,2020-10-19 14:55:00,"Gardencity",51.48725,2.308917,NA,"Total length",49,"cm",NA,NA,NA,NA,NA,NA,NA,NA,NA,NA,NA,5,"years","unknown",NA,"wild",NA,NA,NA,NA,NA,NA,"internal,internal","inserted in abdominal cavity, midventral line incision, 3 stitches using non-absorbable filament,inserted in abdominal cavity, midventral line incision, 3 stitches using non-absorbable filament","Yes, 141",NA,NA,"clove oil",NA,"0.05 ml/L",NA,NA,NA,NA,NA,NA,NA,"UTC tag activation 14:33, Peterson J_059; Scale 116 (age 5-6 years)",2020-10-19
"112",8077,"PhD_Goossens","1400229","acoustic-archival","animal","A69-9006-11188",",","Dicentrarchus labrax","European seabass",126975,"J_060",NA,",",2020-10-19 14:00:00,"Gardencity",51.48725,2.308917,"line fishing",NA,NA,2020-10-19 15:05:00,"Gardencity",51.48725,2.308917,NA,"Total length",46,"cm",NA,NA,NA,NA,NA,NA,NA,NA,NA,NA,NA,6,"years","unknown",NA,"wild",NA,NA,NA,NA,NA,NA,"internal,internal","inserted in abdominal cavity, midventral line incision, 3 stitches using non-absorbable filament,inserted in abdominal cavity, midventral line incision, 3 stitches using non-absorbable filament","Yes, 142",NA,NA,"clove oil",NA,"0.05 ml/L",NA,NA,NA,NA,NA,NA,NA,"UTC tag activation 14:45, Peterson J_060; Scale 117",2020-10-19
"113",8078,"PhD_Goossens","1400220","acoustic-archival","animal","A69-9006-11169",",","Dicentrarchus labrax","European seabass",126975,"J_061",NA,",",2020-10-19 14:20:00,"Gardencity",51.48725,2.308917,"line fishing",NA,NA,2020-10-19 15:15:00,"Gardencity",51.48725,2.308917,NA,"Total length",43.5,"cm",NA,NA,NA,NA,NA,NA,NA,NA,NA,NA,NA,6,"years","unknown",NA,"wild",NA,NA,NA,NA,NA,NA,"internal,internal","inserted in abdominal cavity, midventral line incision, 3 stitches using non-absorbable filament,inserted in abdominal cavity, midventral line incision, 3 stitches using non-absorbable filament","Yes, 144",NA,NA,"clove oil",NA,"0.05 ml/L",NA,NA,NA,NA,NA,NA,NA,"UTC tag activation 14:56, Peterson J_061; Scale 118",2020-10-19
"114",8079,"PhD_Goossens","1400226","acoustic-archival","animal","A69-9006-11182",",","Dicentrarchus labrax","European seabass",126975,"J_063",NA,",",2020-10-19 15:00:00,"Gardencity",51.48725,2.308917,"line fishing",NA,NA,2020-10-19 15:40:00,"Gardencity",51.48725,2.308917,NA,"Total length",48.5,"cm",NA,NA,NA,NA,NA,NA,NA,NA,NA,NA,NA,6,"years","unknown",NA,"wild",NA,NA,NA,NA,NA,NA,"internal,internal","inserted in abdominal cavity, midventral line incision, 3 stitches using non-absorbable filament,inserted in abdominal cavity, midventral line incision, 3 stitches using non-absorbable filament","Yes, 146",NA,NA,"clove oil",NA,"0.05 ml/L",NA,NA,NA,NA,NA,NA,NA,"UTC tag activation 15:17, Peterson J_063; Scale 120",2020-10-19
"115",8080,"PhD_Goossens","1400231","acoustic-archival","animal","A69-9006-11192",",","Dicentrarchus labrax","European seabass",126975,"J_064",NA,",",2020-10-19 15:00:00,"Gardencity",51.48725,2.308917,"line fishing",NA,NA,2020-10-19 15:50:00,"Gardencity",51.48725,2.308917,NA,"Total length",44,"cm",NA,NA,NA,NA,NA,NA,NA,NA,NA,NA,NA,6,"years","unknown",NA,"wild",NA,NA,NA,NA,NA,NA,"internal,internal","inserted in abdominal cavity, midventral line incision, 3 stitches using non-absorbable filament,inserted in abdominal cavity, midventral line incision, 3 stitches using non-absorbable filament","Yes, 147",NA,NA,"clove oil",NA,"0.05 ml/L",NA,NA,NA,NA,NA,NA,NA,"UTC tag activation 15:31, Peterson J_064; Scale 121",2020-10-19
"116",8081,"PhD_Goossens","1400225","acoustic-archival","animal","A69-9006-11179",",","Dicentrarchus labrax","European seabass",126975,"J_067",NA,",",2020-10-19 15:55:00,"Gardencity",51.48725,2.308917,"line fishing",NA,NA,2020-10-19 16:15:00,"Gardencity",51.48725,2.308917,NA,"Total length",42,"cm",NA,NA,NA,NA,NA,NA,NA,NA,NA,NA,NA,6,"years","unknown",NA,"wild",NA,NA,NA,NA,NA,NA,"internal,internal","inserted in abdominal cavity, midventral line incision, 3 stitches using non-absorbable filament,inserted in abdominal cavity, midventral line incision, 3 stitches using non-absorbable filament","Yes, 149",NA,NA,"clove oil",NA,"0.05 ml/L",NA,NA,NA,NA,NA,NA,NA,"UTC tag activation 15:06, Peterson J_067; Scale 123 (tag was first inserted in other fish that died, tag was not deactivated)",2020-10-19
"117",10206,"PhD_Goossens","1400213","acoustic-archival","animal","A69-9006-11155",",","Dicentrarchus labrax","European seabass",126975,"J_062",NA,",",2021-09-13 08:00:00,"Radartoren",51.2747666667,2.4479833333,NA,NA,NA,2021-09-13 08:30:00,"Radartoren",51.2747666667,2.4479833333,NA,"Total length",42,"cm",NA,NA,NA,NA,NA,NA,NA,NA,NA,NA,NA,NA,NA,"unknown",NA,"wild",NA,NA,NA,NA,NA,NA,"internal,internal","inserted in abdominal cavity, midventral line incision, 3 stitches using non-absorbable filament,inserted in abdominal cavity, midventral line incision, 3 stitches using non-absorbable filament","Yes, 151",NA,NA,"clove oil",NA,"0.05 ml/L",NA,NA,NA,NA,NA,NA,NA,"UTC tag activation 07:59, Peterson J_062; Scale 124",2021-09-13
"118",10934,"PhD_Goossens","1400227","acoustic-archival","animal","A69-9006-11184",",","Dicentrarchus labrax","European seabass",126975,"J_070",NA,",",2021-09-13 08:00:00,"Radartoren",51.2747666667,2.4479833333,NA,NA,NA,2021-09-13 09:00:00,"Radartoren",51.2747666667,2.4479833333,NA,"Total length",45,"cm",NA,NA,NA,NA,NA,NA,NA,NA,NA,NA,NA,NA,NA,"unknown",NA,"wild",NA,NA,NA,NA,NA,NA,"internal,internal","inserted in abdominal cavity, midventral line incision, 3 stitches using non-absorbable filament,inserted in abdominal cavity, midventral line incision, 3 stitches using non-absorbable filament","Yes, 152",NA,NA,"clove oil",NA,"0.05 ml/L",NA,NA,NA,NA,NA,NA,NA,"UTC tag activation 08:30, Peterson J_070; Scale 125",2021-09-13
"119",10935,"PhD_Goossens","1400211","acoustic-archival","animal","A69-9006-11152",",","Dicentrarchus labrax","European seabass",126975,"J_071",NA,",",2021-09-13 08:30:00,"Radartoren",51.2747666667,2.4479833333,NA,NA,NA,2021-09-13 09:00:00,"Radartoren",51.2747666667,2.4479833333,2023-05-09,"Total length",45,"cm",NA,NA,NA,NA,NA,NA,NA,NA,NA,NA,NA,NA,NA,"unknown",NA,"wild",NA,NA,NA,NA,NA,NA,"internal,internal","inserted in abdominal cavity, midventral line incision, 3 stitches using non-absorbable filament,inserted in abdominal cavity, midventral line incision, 3 stitches using non-absorbable filament","Yes, 153",NA,NA,"clove oil",NA,"0.05 ml/L",NA,NA,NA,NA,NA,NA,NA,"UTC tag activation 08:44, Peterson J_071; Scale 126
Recapture info: tag found while gutting the fish on 9-05 at Horica Totaal (bougt at  the auction in Nieuwpoort)",2021-09-13
"120",10936,"PhD_Goossens","1400212","acoustic-archival","animal","A69-9006-11154",",","Dicentrarchus labrax","European seabass",126975,"J_073",NA,",",2021-09-13 08:30:00,"Radartoren",51.2747666667,2.4479833333,NA,NA,NA,2021-09-13 09:00:00,"Radartoren",51.2747666667,2.4479833333,NA,"Total length",57,"cm",NA,NA,NA,NA,NA,NA,NA,NA,NA,NA,NA,NA,NA,"unknown",NA,"wild",NA,NA,NA,NA,NA,NA,"internal,internal","inserted in abdominal cavity, midventral line incision, 3 stitches using non-absorbable filament,inserted in abdominal cavity, midventral line incision, 3 stitches using non-absorbable filament","Yes, 154",NA,NA,"clove oil",NA,"0.05 ml/L",NA,NA,NA,NA,NA,NA,NA,"UTC tag activation 08:55, Peterson J_073; Scale 127",2021-09-13
"121",10937,"PhD_Goossens","1400214","acoustic-archival","animal","A69-9006-11158",",","Dicentrarchus labrax","European seabass",126975,"J_074",NA,",",2021-09-13 09:00:00,"Radartoren",51.2747666667,2.4479833333,NA,NA,NA,2021-09-13 09:30:00,"Radartoren",51.2747666667,2.4479833333,2022-01-23,"Total length",51,"cm",NA,NA,NA,NA,NA,NA,NA,NA,NA,NA,NA,NA,NA,"unknown",NA,"wild",NA,NA,NA,NA,NA,NA,"internal,internal","inserted in abdominal cavity, midventral line incision, 3 stitches using non-absorbable filament,inserted in abdominal cavity, midventral line incision, 3 stitches using non-absorbable filament","Yes, 155",NA,NA,"clove oil",NA,"0.05 ml/L",NA,NA,NA,NA,NA,NA,NA,"UTC tag activation 09:10, Peterson J_074; Scale 128",2021-09-13
"122",10938,"PhD_Goossens","1400218","acoustic-archival","animal","A69-9006-11166",",","Dicentrarchus labrax","European seabass",126975,"J_075",NA,",",2021-09-13 09:00:00,"Radartoren",51.2747666667,2.4479833333,NA,NA,NA,2021-09-13 09:30:00,"Radartoren",51.2747666667,2.4479833333,NA,"Total length",52,"cm",NA,NA,NA,NA,NA,NA,NA,NA,NA,NA,NA,NA,NA,"unknown",NA,"wild",NA,NA,NA,NA,NA,NA,"internal,internal","inserted in abdominal cavity, midventral line incision, 3 stitches using non-absorbable filament,inserted in abdominal cavity, midventral line incision, 3 stitches using non-absorbable filament","Yes, 156",NA,NA,"clove oil",NA,"0.05 ml/L",NA,NA,NA,NA,NA,NA,NA,"UTC tag activation 09:25, Peterson J_075; Scale 129",2021-09-13
"123",10939,"PhD_Goossens","1400206","acoustic-archival","animal","A69-9006-11141",",","Dicentrarchus labrax","European seabass",126975,"J_076",NA,",",2021-09-13 09:30:00,"Radartoren",51.2747666667,2.4479833333,NA,NA,NA,2021-09-13 10:00:00,"Radartoren",51.2747666667,2.4479833333,NA,"Total length",47,"cm",NA,NA,NA,NA,NA,NA,NA,NA,NA,NA,NA,NA,NA,"unknown",NA,"wild",NA,NA,NA,NA,NA,NA,"internal,internal","inserted in abdominal cavity, midventral line incision, 3 stitches using non-absorbable filament,inserted in abdominal cavity, midventral line incision, 3 stitches using non-absorbable filament","Yes, 157",NA,NA,"clove oil",NA,"0.05 ml/L",NA,NA,NA,NA,NA,NA,NA,"UTC tag activation 09:39, Peterson J_076; Scale 130",2021-09-13
"124",10940,"PhD_Goossens","1400188","acoustic-archival","animal","A69-9006-11105",",","Dicentrarchus labrax","European seabass",126975,"J_077",NA,",",2021-09-13 09:30:00,"Radartoren",51.2747666667,2.4479833333,NA,NA,NA,2021-09-13 10:00:00,"Radartoren",51.2747666667,2.4479833333,NA,"Total length",54,"cm",NA,NA,NA,NA,NA,NA,NA,NA,NA,NA,NA,NA,NA,"unknown",NA,"wild",NA,NA,NA,NA,NA,NA,"internal,internal","inserted in abdominal cavity, midventral line incision, 3 stitches using non-absorbable filament,inserted in abdominal cavity, midventral line incision, 3 stitches using non-absorbable filament","Yes, 158",NA,NA,"clove oil",NA,"0.05 ml/L",NA,NA,NA,NA,NA,NA,NA,"UTC tag activation 09:53, Peterson J_077; Scale 131",2021-09-13
"125",10941,"PhD_Goossens","1400191","acoustic-archival","animal","A69-9006-11112",",","Dicentrarchus labrax","European seabass",126975,"J_078",NA,",",2021-09-13 09:30:00,"Radartoren",51.2747666667,2.4479833333,NA,NA,NA,2021-09-13 10:30:00,"Radartoren",51.2747666667,2.4479833333,2022-05-15,"Total length",57,"cm",NA,NA,NA,NA,NA,NA,NA,NA,NA,NA,NA,NA,NA,"unknown",NA,"wild",NA,NA,NA,NA,NA,NA,"internal,internal","inserted in abdominal cavity, midventral line incision, 3 stitches using non-absorbable filament,inserted in abdominal cavity, midventral line incision, 3 stitches using non-absorbable filament","Yes, 159",NA,NA,"clove oil",NA,"0.05 ml/L",NA,NA,NA,NA,NA,NA,NA,"UTC tag activation 10:01, Peterson J_078; Scale 132
Had parasites when recovered
Recapture length 57 cm, weight 1996 g",2021-09-13
"126",10942,"PhD_Goossens","1400196","acoustic-archival","animal","A69-9006-11122",",","Dicentrarchus labrax","European seabass",126975,"J_079",NA,",",2021-09-13 10:30:00,"Radartoren",51.2747666667,2.4479833333,NA,NA,NA,2021-09-13 11:00:00,"Radartoren",51.2747666667,2.4479833333,NA,"Total length",49,"cm",NA,NA,NA,NA,NA,NA,NA,NA,NA,NA,NA,NA,NA,"unknown",NA,"wild",NA,NA,NA,NA,NA,NA,"internal,internal","inserted in abdominal cavity, midventral line incision, 3 stitches using non-absorbable filament,inserted in abdominal cavity, midventral line incision, 3 stitches using non-absorbable filament","Yes, 160",NA,NA,"clove oil",NA,"0.05 ml/L",NA,NA,NA,NA,NA,NA,NA,"UTC tag activation 10:39, Peterson J_079; Scale 133",2021-09-13
"127",10943,"PhD_Goossens","1400189","acoustic-archival","animal","A69-9006-11108",",","Dicentrarchus labrax","European seabass",126975,"J_080",NA,",",2021-09-13 10:30:00,"Radartoren",51.2747666667,2.4479833333,NA,NA,NA,2021-09-13 11:00:00,"Radartoren",51.2747666667,2.4479833333,NA,"Total length",51,"cm",NA,NA,NA,NA,NA,NA,NA,NA,NA,NA,NA,NA,NA,"unknown",NA,"wild",NA,NA,NA,NA,NA,NA,"internal,internal","inserted in abdominal cavity, midventral line incision, 3 stitches using non-absorbable filament,inserted in abdominal cavity, midventral line incision, 3 stitches using non-absorbable filament","Yes, 161",NA,NA,"clove oil",NA,"0.05 ml/L",NA,NA,NA,NA,NA,NA,NA,"UTC tag activation 10:51, Peterson J_080; Scale 134",2021-09-13
"128",10944,"PhD_Goossens","1400195","acoustic-archival","animal","A69-9006-11120",",","Dicentrarchus labrax","European seabass",126975,"J_081",NA,",",2021-09-13 11:00:00,"Radartoren",51.2747666667,2.4479833333,NA,NA,NA,2021-09-13 11:30:00,"Radartoren",51.2747666667,2.4479833333,NA,"Total length",57,"cm",NA,NA,NA,NA,NA,NA,NA,NA,NA,NA,NA,NA,NA,"unknown",NA,"wild",NA,NA,NA,NA,NA,NA,"internal,internal","inserted in abdominal cavity, midventral line incision, 3 stitches using non-absorbable filament,inserted in abdominal cavity, midventral line incision, 3 stitches using non-absorbable filament","Yes, 162",NA,NA,"clove oil",NA,"0.05 ml/L",NA,NA,NA,NA,NA,NA,NA,"UTC tag activation 11:08, Peterson J_081; Scale 135",2021-09-13
"129",10945,"PhD_Goossens","1400190","acoustic-archival","animal","A69-9006-11110",",","Dicentrarchus labrax","European seabass",126975,"J_068",NA,",",2021-09-13 11:00:00,"Radartoren",51.2747666667,2.4479833333,NA,NA,NA,2021-09-13 12:00:00,"Radartoren",51.2747666667,2.4479833333,NA,"Total length",50,"cm",NA,NA,NA,NA,NA,NA,NA,NA,NA,NA,NA,NA,NA,"unknown",NA,"wild",NA,NA,NA,NA,NA,NA,"internal,internal","inserted in abdominal cavity, midventral line incision, 3 stitches using non-absorbable filament,inserted in abdominal cavity, midventral line incision, 3 stitches using non-absorbable filament","Yes, 163",NA,NA,"clove oil",NA,"0.05 ml/L",NA,NA,NA,NA,NA,NA,NA,"UTC tag activation 11:29, Peterson J_068; Scale 136",2021-09-13
"130",10946,"PhD_Goossens","1400194","acoustic-archival","animal","A69-9006-11117",",","Dicentrarchus labrax","European seabass",126975,"J_066",NA,",",2021-09-13 11:30:00,"Radartoren",51.2747666667,2.4479833333,NA,NA,NA,2021-09-13 12:00:00,"Radartoren",51.2747666667,2.4479833333,NA,"Total length",45,"cm",NA,NA,NA,NA,NA,NA,NA,NA,NA,NA,NA,NA,NA,"unknown",NA,"wild",NA,NA,NA,NA,NA,NA,"internal,internal","inserted in abdominal cavity, midventral line incision, 3 stitches using non-absorbable filament,inserted in abdominal cavity, midventral line incision, 3 stitches using non-absorbable filament","Yes, 164",NA,NA,"clove oil",NA,"0.05 ml/L",NA,NA,NA,NA,NA,NA,NA,"UTC tag activation 11:46, Peterson J_066; Scale 137",2021-09-13
"131",11284,"PhD_Goossens","1400230","acoustic-archival","animal","A69-9006-11189",",","Dicentrarchus labrax","European seabass",126975,NA,NA,",",2021-12-15 12:40:00,"Gardencity",51.48613333,2.30518333,"line fishing",NA,NA,2021-12-15 12:45:00,"Gardencity",51.48613333,2.30518333,NA,"total length",44,"cm",NA,NA,NA,NA,NA,NA,NA,NA,NA,NA,NA,NA,NA,NA,NA,"wild",NA,NA,NA,NA,NA,NA,",",",",NA,NA,NA,NA,NA,NA,NA,NA,NA,NA,NA,NA,NA,"activation time (10:05 UTC)
animal name: Laurent Ragnal",2021-12-15
"132",23110,"PhD_Goossens","1400204","acoustic-archival","animal","A69-9006-11138",",","Dicentrarchus labrax","European seabass",126975,NA,NA,"JR,JR",2022-05-16 05:18:00,"Radartoren",51.274917,2.447483,"line fishing",NA,NA,2022-05-16 05:28:00,"Radartoren",51.274917,2.447483,NA,NA,52.5,"cm",NA,NA,NA,NA,NA,NA,NA,NA,NA,NA,NA,NA,NA,NA,NA,NA,NA,NA,NA,NA,NA,NA,",",",","y",NA,NA,NA,NA,NA,NA,NA,NA,NA,NA,NA,NA,"11137, DNA sample 165, Scale sample 138, Perterson 093",2022-05-16
"133",23111,"PhD_Goossens","1400198","acoustic-archival","animal","A69-9006-11125",",","Dicentrarchus labrax","European seabass",126975,NA,NA,"JR,JR",2022-05-16 05:43:00,"Radartoren",51.274917,2.447483,"line fishing",NA,NA,2022-05-16 05:53:00,"Radartoren",51.274917,2.447483,NA,NA,65,"cm",NA,NA,NA,NA,NA,NA,NA,NA,NA,NA,NA,NA,NA,NA,NA,NA,NA,NA,NA,NA,NA,NA,",",",","y",NA,NA,NA,NA,NA,NA,NA,NA,NA,NA,NA,NA,"11125, DNA sample 166, Scale sample 139, Perterson 087",2022-05-16
"134",23112,"PhD_Goossens","1400199","acoustic-archival","animal","A69-9006-11128",",","Dicentrarchus labrax","European seabass",126975,NA,NA,"JR,JR",2022-05-16 05:52:00,"Radartoren",51.274917,2.447483,"line fishing",NA,NA,2022-05-16 06:02:00,"Radartoren",51.274917,2.447483,NA,NA,53,"cm",NA,NA,NA,NA,NA,NA,NA,NA,NA,NA,NA,NA,NA,NA,NA,NA,NA,NA,NA,NA,NA,NA,",",",","y",NA,NA,NA,NA,NA,NA,NA,NA,NA,NA,NA,NA,"11127, DNA sample 167, Scale sample 140, Perterson 086",2022-05-16
"135",23113,"PhD_Goossens","1400203","acoustic-archival","animal","A69-9006-11135",",","Dicentrarchus labrax","European seabass",126975,NA,NA,"JR,JR",2022-05-16 06:05:00,"Radartoren",51.274917,2.447483,"line fishing",NA,NA,2022-05-16 06:15:00,"Radartoren",51.274917,2.447483,NA,NA,60,"cm",NA,NA,NA,NA,NA,NA,NA,NA,NA,NA,NA,NA,NA,NA,NA,NA,NA,NA,NA,NA,NA,NA,",",",","y",NA,NA,NA,NA,NA,NA,NA,NA,NA,NA,NA,NA,"11135, DNA sample 170, Scale sample 141, Perterson 082",2022-05-16
"136",23114,"PhD_Goossens","1400205","acoustic-archival","animal","A69-9006-11140",",","Dicentrarchus labrax","European seabass",126975,NA,NA,"JR,JR",2022-05-16 07:12:00,"Radartoren",51.274917,2.447483,"line fishing",NA,NA,2022-05-16 07:22:00,"Radartoren",51.274917,2.447483,NA,NA,68,"cm",NA,NA,NA,NA,NA,NA,NA,NA,NA,NA,NA,NA,NA,NA,NA,NA,NA,NA,NA,NA,NA,NA,",",",","y",NA,NA,NA,NA,NA,NA,NA,NA,NA,NA,NA,NA,"11139, DNA sample 172, Scale sample 143, Perterson 091",2022-05-16
"137",23115,"PhD_Goossens","1400200","acoustic-archival","animal","A69-9006-11129",",","Dicentrarchus labrax","European seabass",126975,NA,NA,"JR,JR",2022-05-16 10:02:00,"Radartoren",51.274917,2.447483,"line fishing",NA,NA,2022-05-16 10:12:00,"Radartoren",51.274917,2.447483,NA,NA,55,"cm",NA,NA,NA,NA,NA,NA,NA,NA,NA,NA,NA,NA,NA,NA,NA,NA,NA,NA,NA,NA,NA,NA,",",",","y",NA,NA,NA,NA,NA,NA,NA,NA,NA,NA,NA,NA,"11129, DNA sample 173, Scale sample 144, Perterson none,",2022-05-16
