"","tag_serial_number","tag_type","tag_subtype","sensor_type","acoustic_tag_id","acoustic_tag_id_alternative","manufacturer","model","frequency","status","activation_date","battery_estimated_life","battery_estimated_end_date","length","diameter","weight","floating","archive_memory","sensor_slope","sensor_intercept","sensor_range","sensor_range_min","sensor_range_max","sensor_resolution","sensor_unit","sensor_accuracy","sensor_transmit_ratio","accelerometer_algorithm","accelerometer_samples_per_second","owner_organization","owner_pi","financing_project","step1_min_delay","step1_max_delay","step1_power","step1_duration","step1_acceleration_duration","step2_min_delay","step2_max_delay","step2_power","step2_duration","step2_acceleration_duration","step3_min_delay","step3_max_delay","step3_power","step3_duration","step3_acceleration_duration","step4_min_delay","step4_max_delay","step4_power","step4_duration","step4_acceleration_duration","tag_id","tag_device_id"
"1","1271063","acoustic-archival","animal","A","A69-9006-921",NA,"INNOVASEA","V13AP-1x-069k-1-0034m","069k","available",NA,"490",2020-10-08 10:00:00,NA,NA,NA,NA,NA,0.013588,0,NA,NA,NA,NA,NA,NA,NA,NA,NA,"VLIZ","Jan Reubens",NA,"140","220","H",495,NA,NA,NA,"L",365,NA,NA,NA,"L",0,NA,NA,NA,NA,NA,NA,"acoustic:1811",81
"2","1271063","acoustic-archival","animal","P","A69-9006-922",NA,"INNOVASEA","V13AP-1x-069k-1-0034m","069k","available",NA,"490",2020-10-08 10:00:00,NA,NA,NA,NA,NA,0.1516,-0.6065,NA,NA,NA,NA,NA,NA,NA,NA,NA,"VLIZ","Jan Reubens",NA,"140","220","H",495,NA,NA,NA,"L",365,NA,NA,NA,"L",0,NA,NA,NA,NA,NA,NA,"acoustic:1812",81
"3","1271064","acoustic-archival","animal","A","A69-9006-923",NA,"INNOVASEA","V13AP-1x-069k-1-0034m","069k","available",NA,"490",2020-12-05 06:00:00,NA,NA,NA,NA,NA,0.013588,0,NA,NA,NA,NA,NA,NA,NA,NA,NA,"VLIZ","Jan Reubens",NA,"140","220","H",495,NA,NA,NA,"L",365,NA,NA,NA,"L",0,NA,NA,NA,NA,NA,NA,"acoustic:1813",82
"4","1271064","acoustic-archival","animal","P","A69-9006-924",NA,"INNOVASEA","V13AP-1x-069k-1-0034m","069k","available",NA,"490",2020-12-05 06:00:00,NA,NA,NA,NA,NA,0.1516,-0.6065,NA,NA,NA,NA,NA,NA,NA,NA,NA,"VLIZ","Jan Reubens",NA,"140","220","H",495,NA,NA,NA,"L",365,NA,NA,NA,"L",0,NA,NA,NA,NA,NA,NA,"acoustic:1814",82
"5","1271067","acoustic-archival","animal","A","A69-9006-929",NA,"INNOVASEA","V13AP-1x-069k-1-0034m","069k","available",NA,"490",2020-10-08 09:25:00,NA,NA,NA,NA,NA,0.013588,0,NA,NA,NA,NA,NA,NA,NA,NA,NA,"VLIZ","Jan Reubens",NA,"140","220","H",495,NA,NA,NA,"L",365,NA,NA,NA,"L",0,NA,NA,NA,NA,NA,NA,"acoustic:1819",85
"6","1271067","acoustic-archival","animal","P","A69-9006-930",NA,"INNOVASEA","V13AP-1x-069k-1-0034m","069k","available",NA,"490",2020-10-08 09:25:00,NA,NA,NA,NA,NA,0.1516,-0.6065,NA,NA,NA,NA,NA,NA,NA,NA,NA,"VLIZ","Jan Reubens",NA,"140","220","H",495,NA,NA,NA,"L",365,NA,NA,NA,"L",0,NA,NA,NA,NA,NA,NA,"acoustic:1820",85
"7","1271068","acoustic-archival","animal","A","A69-9006-931",NA,"INNOVASEA","V13AP-1x-069k-1-0034m","069k","available",NA,"490",2020-10-08 09:30:00,NA,NA,NA,NA,NA,0.013588,0,NA,NA,NA,NA,NA,NA,NA,NA,NA,"VLIZ","Jan Reubens",NA,"140","220","H",495,NA,NA,NA,"L",365,NA,NA,NA,"L",0,NA,NA,NA,NA,NA,NA,"acoustic:1821",86
"8","1271068","acoustic-archival","animal","P","A69-9006-932",NA,"INNOVASEA","V13AP-1x-069k-1-0034m","069k","available",NA,"490",2020-10-08 09:30:00,NA,NA,NA,NA,NA,0.1516,-0.6065,NA,NA,NA,NA,NA,NA,NA,NA,NA,"VLIZ","Jan Reubens",NA,"140","220","H",495,NA,NA,NA,"L",365,NA,NA,NA,"L",0,NA,NA,NA,NA,NA,NA,"acoustic:1822",86
"9","1271069","acoustic-archival","animal","A","A69-9006-933",NA,"INNOVASEA","V13AP-1x-069k-1-0034m","069k","available",NA,"490",2020-12-23 06:30:00,NA,NA,NA,NA,NA,0.013588,0,NA,NA,NA,NA,NA,NA,NA,NA,NA,"VLIZ","Jan Reubens",NA,"140","220","H",495,NA,NA,NA,"L",365,NA,NA,NA,"L",0,NA,NA,NA,NA,NA,NA,"acoustic:1823",87
"10","1271069","acoustic-archival","animal","P","A69-9006-934",NA,"INNOVASEA","V13AP-1x-069k-1-0034m","069k","available",NA,"490",2020-12-23 06:30:00,NA,NA,NA,NA,NA,0.1516,-0.6065,NA,NA,NA,NA,NA,NA,NA,NA,NA,"VLIZ","Jan Reubens",NA,"140","220","H",495,NA,NA,NA,"L",365,NA,NA,NA,"L",0,NA,NA,NA,NA,NA,NA,"acoustic:1824",87
"11","1271070","acoustic-archival","animal","A","A69-9006-935",NA,"INNOVASEA","V13AP-1x-069k-1-0034m","069k","available",NA,"490",2020-01-16 11:00:00,NA,NA,NA,NA,NA,0.013588,0,NA,NA,NA,NA,NA,NA,NA,NA,NA,"VLIZ","Jan Reubens",NA,"140","220","H",495,NA,NA,NA,"L",365,NA,NA,NA,"L",0,NA,NA,NA,NA,NA,NA,"acoustic:1825",88
"12","1271070","acoustic-archival","animal","P","A69-9006-936",NA,"INNOVASEA","V13AP-1x-069k-1-0034m","069k","available",NA,"490",2020-01-16 11:00:00,NA,NA,NA,NA,NA,0.1516,-0.6065,NA,NA,NA,NA,NA,NA,NA,NA,NA,"VLIZ","Jan Reubens",NA,"140","220","H",495,NA,NA,NA,"L",365,NA,NA,NA,"L",0,NA,NA,NA,NA,NA,NA,"acoustic:1826",88
"13","1271073","acoustic-archival","animal","A","A69-9006-941",NA,"INNOVASEA","V13AP-1x-069k-1-0034m","069k","available",NA,"490",2020-10-08 08:00:00,NA,NA,NA,NA,NA,0.013588,0,NA,NA,NA,NA,NA,NA,NA,NA,NA,"VLIZ","Jan Reubens",NA,"140","220","H",495,NA,NA,NA,"L",365,NA,NA,NA,"L",0,NA,NA,NA,NA,NA,NA,"acoustic:1831",91
"14","1271073","acoustic-archival","animal","P","A69-9006-942",NA,"INNOVASEA","V13AP-1x-069k-1-0034m","069k","available",NA,"490",2020-10-08 08:00:00,NA,NA,NA,NA,NA,0.1516,-0.6065,NA,NA,NA,NA,NA,NA,NA,NA,NA,"VLIZ","Jan Reubens",NA,"140","220","H",495,NA,NA,NA,"L",365,NA,NA,NA,"L",0,NA,NA,NA,NA,NA,NA,"acoustic:1832",91
"15","1271074","acoustic-archival","animal","A","A69-9006-943",NA,"INNOVASEA","V13AP-1x-069k-1-0034m","069k","ended",2018-06-25,"490",2019-10-28,NA,NA,NA,NA,NA,0.013588,0,NA,NA,NA,NA,NA,NA,NA,NA,NA,"VLIZ","Jan Reubens",NA,"140","220","H",495,NA,NA,NA,"L",365,NA,NA,NA,"L",0,NA,NA,NA,NA,NA,NA,"acoustic:1833",92
"16","1271074","acoustic-archival","animal","P","A69-9006-944",NA,"INNOVASEA","V13AP-1x-069k-1-0034m","069k","ended",2018-06-25,"490",2019-10-28,NA,NA,NA,NA,NA,0.1516,-0.6065,NA,NA,NA,NA,NA,NA,NA,NA,NA,"VLIZ","Jan Reubens",NA,"140","220","H",495,NA,NA,NA,"L",365,NA,NA,NA,"L",0,NA,NA,NA,NA,NA,NA,"acoustic:1834",92
"17","1271075","acoustic-archival","animal","A","A69-9006-945",NA,"INNOVASEA","V13AP-1x-069k-1-0034m","069k","available",NA,"490",2020-10-08 10:30:00,NA,NA,NA,NA,NA,0.013588,0,NA,NA,NA,NA,NA,NA,NA,NA,NA,"VLIZ","Jan Reubens",NA,"140","220","H",495,NA,NA,NA,"L",365,NA,NA,NA,"L",0,NA,NA,NA,NA,NA,NA,"acoustic:1835",93
"18","1271075","acoustic-archival","animal","P","A69-9006-946",NA,"INNOVASEA","V13AP-1x-069k-1-0034m","069k","available",NA,"490",2020-10-08 10:30:00,NA,NA,NA,NA,NA,0.1516,-0.6065,NA,NA,NA,NA,NA,NA,NA,NA,NA,"VLIZ","Jan Reubens",NA,"140","220","H",495,NA,NA,NA,"L",365,NA,NA,NA,"L",0,NA,NA,NA,NA,NA,NA,"acoustic:1836",93
"19","1271077","acoustic-archival","animal","A","A69-9006-949",NA,"INNOVASEA","V13AP-1x-069k-1-0034m","069k","active",NA,"490",2021-12-10 04:00:00,NA,NA,NA,NA,NA,0.013588,0,NA,NA,NA,NA,NA,NA,NA,NA,NA,"VLIZ","Jan Reubens",NA,"140","220","H",495,NA,NA,NA,"L",365,NA,NA,NA,"L",0,NA,NA,NA,NA,NA,NA,"acoustic:1839",95
"20","1271077","acoustic-archival","animal","P","A69-9006-950",NA,"INNOVASEA","V13AP-1x-069k-1-0034m","069k","active",NA,"490",2021-12-10 04:00:00,NA,NA,NA,NA,NA,0.1516,-0.6065,NA,NA,NA,NA,NA,NA,NA,NA,NA,"VLIZ","Jan Reubens",NA,"140","220","H",495,NA,NA,NA,"L",365,NA,NA,NA,"L",0,NA,NA,NA,NA,NA,NA,"acoustic:1840",95
"21","1271078","acoustic-archival","animal","A","A69-9006-951",NA,"INNOVASEA","V13AP-1x-069k-1-0034m","069k","ended",NA,"490",2020-01-01 09:00:00,NA,NA,NA,NA,NA,0.013588,0,NA,NA,NA,NA,NA,NA,NA,NA,NA,"VLIZ","Jan Reubens",NA,"140","220","H",495,NA,NA,NA,"L",365,NA,NA,NA,"L",0,NA,NA,NA,NA,NA,NA,"acoustic:1841",96
"22","1271078","acoustic-archival","animal","P","A69-9006-952",NA,"INNOVASEA","V13AP-1x-069k-1-0034m","069k","ended",NA,"490",2020-01-01 09:00:00,NA,NA,NA,NA,NA,0.1516,-0.6065,NA,NA,NA,NA,NA,NA,NA,NA,NA,"VLIZ","Jan Reubens",NA,"140","220","H",495,NA,NA,NA,"L",365,NA,NA,NA,"L",0,NA,NA,NA,NA,NA,NA,"acoustic:1842",96
"23","1271096","acoustic-archival","animal","A","A69-9006-987",NA,"INNOVASEA","V13AP-1x-069k-1-0034m","069k","available",NA,"196",2019-12-19 08:00:00,NA,NA,NA,NA,NA,0.01922,0,NA,NA,NA,NA,NA,NA,NA,NA,NA,"VLIZ","Jan Reubens",NA,"30","60","H",30,NA,"140","220","H",168,NA,NA,NA,"L",365,NA,NA,NA,NA,NA,NA,"acoustic:1877",114
"24","1271096","acoustic-archival","animal","P","A69-9006-988",NA,"INNOVASEA","V13AP-1x-069k-1-0034m","069k","available",NA,"196",2019-12-19 08:00:00,NA,NA,NA,NA,NA,0.1516,-0.6065,NA,NA,NA,NA,NA,NA,NA,NA,NA,"VLIZ","Jan Reubens",NA,"30","60","H",30,NA,"140","220","H",168,NA,NA,NA,"L",365,NA,NA,NA,NA,NA,NA,"acoustic:1878",114
"25","1292638","acoustic-archival","animal","pressure","A69-9006-3639",NA,"INNOVASEA","V9TP-2x",NA,"ended",2018-09-13 08:00:00,"354",2019-09-02 08:00:00,NA,NA,NA,NA,NA,0,-1,"68",NA,NA,NA,"Meters",NA,3,NA,NA,"VLIZ","Jan Reubens",NA,"120","240","H",120,NA,"240","360","H",239,NA,NA,NA,"L",365,NA,NA,NA,"L",0,NA,"archive:1802",257
"26","1292638","acoustic-archival","animal","temperature","A69-9006-3638",NA,"INNOVASEA","V9TP-2x",NA,"ended",2018-09-13 08:00:00,"354",2019-09-02 08:00:00,NA,NA,NA,NA,NA,0,-5,"-5 to 35",NA,NA,NA,"°C",NA,1,NA,NA,"VLIZ","Jan Reubens",NA,"120","240","H",120,NA,"240","360","H",239,NA,NA,NA,"L",365,NA,NA,NA,"L",0,NA,"archive:1803",257
"27","1292639","acoustic-archival","animal","pressure","A69-9006-3641",NA,"INNOVASEA","V9TP-2x",NA,"available",NA,"354",2019-09-03 11:30:00,NA,NA,NA,NA,NA,0,-1,"68",NA,NA,NA,"Meters",NA,3,NA,NA,"VLIZ","Jan Reubens",NA,"120","240","H",120,NA,"240","360","H",239,NA,NA,NA,"L",365,NA,NA,NA,"L",0,NA,"archive:1804",258
"28","1292639","acoustic-archival","animal","temperature","A69-9006-3640",NA,"INNOVASEA","V9TP-2x",NA,"available",NA,"354",2019-09-03 11:30:00,NA,NA,NA,NA,NA,0,-5,"-5 to 35",NA,NA,NA,"°C",NA,1,NA,NA,"VLIZ","Jan Reubens",NA,"120","240","H",120,NA,"240","360","H",239,NA,NA,NA,"L",365,NA,NA,NA,"L",0,NA,"archive:1805",258
"29","1292640","acoustic-archival","animal","temperature","A69-9006-3642",NA,"INNOVASEA","V9TP-2x",NA,"available",NA,"354",2019-09-25 13:00:00,NA,NA,NA,NA,NA,0,-5,"-5 to 35",NA,NA,NA,"°C",NA,1,NA,NA,"VLIZ","Jan Reubens",NA,"120","240","H",120,NA,"240","360","H",239,NA,NA,NA,"L",365,NA,NA,NA,"L",0,NA,"archive:1806",259
"30","1292640","acoustic-archival","animal","pressure","A69-9006-3643",NA,"INNOVASEA","V9TP-2x",NA,"available",NA,"354",2019-09-25 13:00:00,NA,NA,NA,NA,NA,0,-1,"68",NA,NA,NA,"Meters",NA,3,NA,NA,"VLIZ","Jan Reubens",NA,"120","240","H",120,NA,"240","360","H",239,NA,NA,NA,"L",365,NA,NA,NA,"L",0,NA,"archive:1807",259
"31","1292641","acoustic-archival","animal","pressure","A69-9006-3645",NA,"INNOVASEA","V9TP-2x",NA,"ended",2018-10-06 13:00:00,"354",2019-09-25 13:00:00,NA,NA,NA,NA,NA,0,-1,"68",NA,NA,NA,"Meters",NA,3,NA,NA,"VLIZ","Jan Reubens",NA,"120","240","H",120,NA,"240","360","H",239,NA,NA,NA,"L",365,NA,NA,NA,"L",0,NA,"archive:1808",260
"32","1292641","acoustic-archival","animal","temperature","A69-9006-3644",NA,"INNOVASEA","V9TP-2x",NA,"ended",2018-10-06 13:00:00,"354",2019-09-25 13:00:00,NA,NA,NA,NA,NA,0,-5,"-5 to 35",NA,NA,NA,"°C",NA,1,NA,NA,"VLIZ","Jan Reubens",NA,"120","240","H",120,NA,"240","360","H",239,NA,NA,NA,"L",365,NA,NA,NA,"L",0,NA,"archive:1809",260
"33","1292642","acoustic-archival","animal","pressure","A69-9006-3647",NA,"INNOVASEA","V9TP-2x",NA,"available",NA,"354",2019-09-25 13:00:00,NA,NA,NA,NA,NA,0,-1,"68",NA,NA,NA,"Meters",NA,3,NA,NA,"VLIZ","Jan Reubens",NA,"120","240","H",120,NA,"240","360","H",239,NA,NA,NA,"L",365,NA,NA,NA,"L",0,NA,"archive:1810",261
"34","1292642","acoustic-archival","animal","temperature","A69-9006-3646",NA,"INNOVASEA","V9TP-2x",NA,"available",NA,"354",2019-09-25 13:00:00,NA,NA,NA,NA,NA,0,-5,"-5 to 35",NA,NA,NA,"°C",NA,1,NA,NA,"VLIZ","Jan Reubens",NA,"120","240","H",120,NA,"240","360","H",239,NA,NA,NA,"L",365,NA,NA,NA,"L",0,NA,"archive:1811",261
"35","1292643","acoustic-archival","animal","pressure","A69-9006-3649",NA,"INNOVASEA","V9TP-2x",NA,"ended",2018-10-06 13:00:00,"354",2019-09-25 13:00:00,NA,NA,NA,NA,NA,0,-1,"68",NA,NA,NA,"Meters",NA,3,NA,NA,"VLIZ","Jan Reubens",NA,"120","240","H",120,NA,"240","360","H",239,NA,NA,NA,"L",365,NA,NA,NA,"L",0,NA,"archive:1812",262
"36","1292643","acoustic-archival","animal","temperature","A69-9006-3648",NA,"INNOVASEA","V9TP-2x",NA,"ended",2018-10-06 13:00:00,"354",2019-09-25 13:00:00,NA,NA,NA,NA,NA,0,-5,"-5 to 35",NA,NA,NA,"°C",NA,1,NA,NA,"VLIZ","Jan Reubens",NA,"120","240","H",120,NA,"240","360","H",239,NA,NA,NA,"L",365,NA,NA,NA,"L",0,NA,"archive:1813",262
"37","1292644","acoustic-archival","animal","pressure","A69-9006-3651",NA,"INNOVASEA","V9TP-2x",NA,"available",NA,"354",2019-09-25 13:30:00,NA,NA,NA,NA,NA,0,-1,"68",NA,NA,NA,"Meters",NA,3,NA,NA,"VLIZ","Jan Reubens",NA,"120","240","H",120,NA,"240","360","H",239,NA,NA,NA,"L",365,NA,NA,NA,"L",0,NA,"archive:1814",263
"38","1292644","acoustic-archival","animal","temperature","A69-9006-3650",NA,"INNOVASEA","V9TP-2x",NA,"available",NA,"354",2019-09-25 13:30:00,NA,NA,NA,NA,NA,0,-5,"-5 to 35",NA,NA,NA,"°C",NA,1,NA,NA,"VLIZ","Jan Reubens",NA,"120","240","H",120,NA,"240","360","H",239,NA,NA,NA,"L",365,NA,NA,NA,"L",0,NA,"archive:1815",263
"39","1292645","acoustic-archival","animal","temperature","A69-9006-3652",NA,"INNOVASEA","V9TP-2x",NA,"available",NA,"354",2019-09-02 11:00:00,NA,NA,NA,NA,NA,0,-5,"-5 to 35",NA,NA,NA,"°C",NA,1,NA,NA,"VLIZ","Jan Reubens",NA,"120","240","H",120,NA,"240","360","H",239,NA,NA,NA,"L",365,NA,NA,NA,"L",0,NA,"archive:1816",264
"40","1292645","acoustic-archival","animal","pressure","A69-9006-3653",NA,"INNOVASEA","V9TP-2x",NA,"available",NA,"354",2019-09-02 11:00:00,NA,NA,NA,NA,NA,0,-1,"68",NA,NA,NA,"Meters",NA,3,NA,NA,"VLIZ","Jan Reubens",NA,"120","240","H",120,NA,"240","360","H",239,NA,NA,NA,"L",365,NA,NA,NA,"L",0,NA,"archive:1817",264
"41","1292646","acoustic-archival","animal","pressure","A69-9006-3655",NA,"INNOVASEA","V9TP-2x",NA,"available",NA,"354",2019-09-03 11:30:00,NA,NA,NA,NA,NA,0,-1,"68",NA,NA,NA,"Meters",NA,3,NA,NA,"VLIZ","Jan Reubens",NA,"120","240","H",120,NA,"240","360","H",239,NA,NA,NA,"L",365,NA,NA,NA,"L",0,NA,"archive:1818",265
"42","1292646","acoustic-archival","animal","temperature","A69-9006-3654",NA,"INNOVASEA","V9TP-2x",NA,"available",NA,"354",2019-09-03 11:30:00,NA,NA,NA,NA,NA,0,-5,"-5 to 35",NA,NA,NA,"°C",NA,1,NA,NA,"VLIZ","Jan Reubens",NA,"120","240","H",120,NA,"240","360","H",239,NA,NA,NA,"L",365,NA,NA,NA,"L",0,NA,"archive:1819",265
"43","1292647","acoustic-archival","animal","temperature","A69-9006-3656",NA,"INNOVASEA","V9TP-2x",NA,"available",NA,"354",2019-09-25 13:00:00,NA,NA,NA,NA,NA,0,-5,"-5 to 35",NA,NA,NA,"°C",NA,1,NA,NA,"VLIZ","Jan Reubens",NA,"120","240","H",120,NA,"240","360","H",239,NA,NA,NA,"L",365,NA,NA,NA,"L",0,NA,"archive:1820",266
"44","1292647","acoustic-archival","animal","pressure","A69-9006-3657",NA,"INNOVASEA","V9TP-2x",NA,"available",NA,"354",2019-09-25 13:00:00,NA,NA,NA,NA,NA,0,-1,"68",NA,NA,NA,"Meters",NA,3,NA,NA,"VLIZ","Jan Reubens",NA,"120","240","H",120,NA,"240","360","H",239,NA,NA,NA,"L",365,NA,NA,NA,"L",0,NA,"archive:1821",266
"45","1292648","acoustic-archival","animal","temperature","A69-9006-3658",NA,"INNOVASEA","V9TP-2x",NA,"available",NA,"354",2019-09-25 13:00:00,NA,NA,NA,NA,NA,0,-5,"-5 to 35",NA,NA,NA,"°C",NA,1,NA,NA,"VLIZ","Jan Reubens",NA,"120","240","H",120,NA,"240","360","H",239,NA,NA,NA,"L",365,NA,NA,NA,"L",0,NA,"archive:1822",267
"46","1292648","acoustic-archival","animal","pressure","A69-9006-3659",NA,"INNOVASEA","V9TP-2x",NA,"available",NA,"354",2019-09-25 13:00:00,NA,NA,NA,NA,NA,0,-1,"68",NA,NA,NA,"Meters",NA,3,NA,NA,"VLIZ","Jan Reubens",NA,"120","240","H",120,NA,"240","360","H",239,NA,NA,NA,"L",365,NA,NA,NA,"L",0,NA,"archive:1823",267
"47","1292649","acoustic-archival","animal","temperature","A69-9006-3660",NA,"INNOVASEA","V9TP-2x",NA,"available",NA,"354",2019-09-25 13:00:00,NA,NA,NA,NA,NA,0,-5,"-5 to 35",NA,NA,NA,"°C",NA,1,NA,NA,"VLIZ","Jan Reubens",NA,"120","240","H",120,NA,"240","360","H",239,NA,NA,NA,"L",365,NA,NA,NA,"L",0,NA,"archive:1824",268
"48","1292649","acoustic-archival","animal","pressure","A69-9006-3661",NA,"INNOVASEA","V9TP-2x",NA,"available",NA,"354",2019-09-25 13:00:00,NA,NA,NA,NA,NA,0,-1,"68",NA,NA,NA,"Meters",NA,3,NA,NA,"VLIZ","Jan Reubens",NA,"120","240","H",120,NA,"240","360","H",239,NA,NA,NA,"L",365,NA,NA,NA,"L",0,NA,"archive:1825",268
"49","1292650","acoustic-archival","animal","pressure","A69-9006-3663",NA,"INNOVASEA","V9TP-2x",NA,"ended",2018-10-06 13:00:00,"354",2019-09-25 13:00:00,NA,NA,NA,NA,NA,0,-1,"68",NA,NA,NA,"Meters",NA,3,NA,NA,"VLIZ","Jan Reubens",NA,"120","240","H",120,NA,"240","360","H",239,NA,NA,NA,"L",365,NA,NA,NA,"L",0,NA,"archive:1826",269
"50","1292650","acoustic-archival","animal","temperature","A69-9006-3662",NA,"INNOVASEA","V9TP-2x",NA,"ended",2018-10-06 13:00:00,"354",2019-09-25 13:00:00,NA,NA,NA,NA,NA,0,-5,"-5 to 35",NA,NA,NA,"°C",NA,1,NA,NA,"VLIZ","Jan Reubens",NA,"120","240","H",120,NA,"240","360","H",239,NA,NA,NA,"L",365,NA,NA,NA,"L",0,NA,"archive:1827",269
"51","1292651","acoustic-archival","animal","pressure","A69-9006-3665",NA,"INNOVASEA","V9TP-2x",NA,"ended",2019-08-21 07:30:00,"354",2020-08-09 07:30:00,NA,NA,NA,NA,NA,0,-1,"68",NA,NA,NA,"Meters",NA,3,NA,NA,"VLIZ","Jan Reubens",NA,"120","240","H",120,NA,"240","360","H",239,NA,NA,NA,"L",365,NA,NA,NA,"L",0,NA,"archive:1828",270
"52","1292651","acoustic-archival","animal","temperature","A69-9006-3664",NA,"INNOVASEA","V9TP-2x",NA,"ended",2019-08-21 07:30:00,"354",2020-08-09 07:30:00,NA,NA,NA,NA,NA,0,-5,"-5 to 35",NA,NA,NA,"°C",NA,1,NA,NA,"VLIZ","Jan Reubens",NA,"120","240","H",120,NA,"240","360","H",239,NA,NA,NA,"L",365,NA,NA,NA,"L",0,NA,"archive:1829",270
"53","1292652","acoustic-archival","animal","temperature","A69-9006-3666",NA,"INNOVASEA","V9TP-2x",NA,"ended",NA,"354",2019-07-30 12:30:00,NA,NA,NA,NA,NA,0,-5,"-5 to 35",NA,NA,NA,"°C",NA,1,NA,NA,"VLIZ","Jan Reubens",NA,"120","240","H",120,NA,"240","360","H",239,NA,NA,NA,"L",365,NA,NA,NA,"L",0,NA,"archive:1830",271
"54","1292652","acoustic-archival","animal","pressure","A69-9006-3667",NA,"INNOVASEA","V9TP-2x",NA,"ended",NA,"354",2019-07-30 12:30:00,NA,NA,NA,NA,NA,0,-1,"68",NA,NA,NA,"Meters",NA,3,NA,NA,"VLIZ","Jan Reubens",NA,"120","240","H",120,NA,"240","360","H",239,NA,NA,NA,"L",365,NA,NA,NA,"L",0,NA,"archive:1831",271
"55","1292653","acoustic-archival","animal","pressure","A69-9006-3669",NA,"INNOVASEA","V9TP-2x",NA,"ended",2018-09-27 14:00:00,"354",2019-09-16 14:00:00,NA,NA,NA,NA,NA,0,-1,"68",NA,NA,NA,"Meters",NA,3,NA,NA,"VLIZ","Jan Reubens",NA,"120","240","H",120,NA,"240","360","H",239,NA,NA,NA,"L",365,NA,NA,NA,"L",0,NA,"archive:1832",272
"56","1292653","acoustic-archival","animal","temperature","A69-9006-3668",NA,"INNOVASEA","V9TP-2x",NA,"ended",2018-09-27 14:00:00,"354",2019-09-16 14:00:00,NA,NA,NA,NA,NA,0,-5,"-5 to 35",NA,NA,NA,"°C",NA,1,NA,NA,"VLIZ","Jan Reubens",NA,"120","240","H",120,NA,"240","360","H",239,NA,NA,NA,"L",365,NA,NA,NA,"L",0,NA,"archive:1833",272
"57","1292654","acoustic-archival","animal","pressure","A69-9006-3671",NA,"INNOVASEA","V9TP-2x",NA,"available",NA,"354",2019-09-25 13:00:00,NA,NA,NA,NA,NA,0,-1,"68",NA,NA,NA,"Meters",NA,3,NA,NA,"VLIZ","Jan Reubens",NA,"120","240","H",120,NA,"240","360","H",239,NA,NA,NA,"L",365,NA,NA,NA,"L",0,NA,"archive:1834",273
"58","1292654","acoustic-archival","animal","temperature","A69-9006-3670",NA,"INNOVASEA","V9TP-2x",NA,"available",NA,"354",2019-09-25 13:00:00,NA,NA,NA,NA,NA,0,-5,"-5 to 35",NA,NA,NA,"°C",NA,1,NA,NA,"VLIZ","Jan Reubens",NA,"120","240","H",120,NA,"240","360","H",239,NA,NA,NA,"L",365,NA,NA,NA,"L",0,NA,"archive:1835",273
"59","1292655","acoustic-archival","animal","temperature","A69-9006-3672",NA,"INNOVASEA","V9TP-2x",NA,"available",NA,"354",2019-09-25 13:00:00,NA,NA,NA,NA,NA,0,-5,"-5 to 35",NA,NA,NA,"°C",NA,1,NA,NA,"VLIZ","Jan Reubens",NA,"120","240","H",120,NA,"240","360","H",239,NA,NA,NA,"L",365,NA,NA,NA,"L",0,NA,"archive:1836",274
"60","1292655","acoustic-archival","animal","pressure","A69-9006-3673",NA,"INNOVASEA","V9TP-2x",NA,"available",NA,"354",2019-09-25 13:00:00,NA,NA,NA,NA,NA,0,-1,"68",NA,NA,NA,"Meters",NA,3,NA,NA,"VLIZ","Jan Reubens",NA,"120","240","H",120,NA,"240","360","H",239,NA,NA,NA,"L",365,NA,NA,NA,"L",0,NA,"archive:1837",274
"61","1292656","acoustic-archival","animal","pressure","A69-9006-3675",NA,"INNOVASEA","V9TP-2x",NA,"available",NA,"354",2019-09-25 13:00:00,NA,NA,NA,NA,NA,0,-1,"68",NA,NA,NA,"Meters",NA,3,NA,NA,"VLIZ","Jan Reubens",NA,"120","240","H",120,NA,"240","360","H",239,NA,NA,NA,"L",365,NA,NA,NA,"L",0,NA,"archive:1838",275
"62","1292656","acoustic-archival","animal","temperature","A69-9006-3674",NA,"INNOVASEA","V9TP-2x",NA,"available",NA,"354",2019-09-25 13:00:00,NA,NA,NA,NA,NA,0,-5,"-5 to 35",NA,NA,NA,"°C",NA,1,NA,NA,"VLIZ","Jan Reubens",NA,"120","240","H",120,NA,"240","360","H",239,NA,NA,NA,"L",365,NA,NA,NA,"L",0,NA,"archive:1839",275
"63","1292657","acoustic-archival","animal","pressure","A69-9006-3677",NA,"INNOVASEA","V9TP-2x",NA,"available",NA,"354",2019-09-25 13:30:00,NA,NA,NA,NA,NA,0,-1,"68",NA,NA,NA,"Meters",NA,3,NA,NA,"VLIZ","Jan Reubens",NA,"120","240","H",120,NA,"240","360","H",239,NA,NA,NA,"L",365,NA,NA,NA,"L",0,NA,"archive:1840",276
"64","1292657","acoustic-archival","animal","temperature","A69-9006-3676",NA,"INNOVASEA","V9TP-2x",NA,"available",NA,"354",2019-09-25 13:30:00,NA,NA,NA,NA,NA,0,-5,"-5 to 35",NA,NA,NA,"°C",NA,1,NA,NA,"VLIZ","Jan Reubens",NA,"120","240","H",120,NA,"240","360","H",239,NA,NA,NA,"L",365,NA,NA,NA,"L",0,NA,"archive:1841",276
"65","1292658","acoustic-archival","animal","temperature","A69-9006-3678",NA,"INNOVASEA","V9TP-2x",NA,"ended",2019-08-21 08:00:00,"354",2020-08-09 08:00:00,NA,NA,NA,NA,NA,0,-5,"-5 to 35",NA,NA,NA,"°C",NA,1,NA,NA,"VLIZ","Jan Reubens",NA,"120","240","H",120,NA,"240","360","H",239,NA,NA,NA,"L",365,NA,NA,NA,"L",0,NA,"archive:1842",277
"66","1292658","acoustic-archival","animal","pressure","A69-9006-3679",NA,"INNOVASEA","V9TP-2x",NA,"ended",2019-08-21 08:00:00,"354",2020-08-09 08:00:00,NA,NA,NA,NA,NA,0,-1,"68",NA,NA,NA,"Meters",NA,3,NA,NA,"VLIZ","Jan Reubens",NA,"120","240","H",120,NA,"240","360","H",239,NA,NA,NA,"L",365,NA,NA,NA,"L",0,NA,"archive:1843",277
"67","1292659","acoustic-archival","animal","temperature","A69-9006-3680",NA,"INNOVASEA","V9TP-2x",NA,"ended",2018-07-01 08:30:00,"354",2019-06-20 08:30:00,NA,NA,NA,NA,NA,0,-5,"-5 to 35",NA,NA,NA,"°C",NA,1,NA,NA,"VLIZ","Jan Reubens",NA,"120","240","H",120,NA,"240","360","H",239,NA,NA,NA,"L",365,NA,NA,NA,"L",0,NA,"archive:1844",278
"68","1292659","acoustic-archival","animal","pressure","A69-9006-3681",NA,"INNOVASEA","V9TP-2x",NA,"ended",2018-07-01 08:30:00,"354",2019-06-20 08:30:00,NA,NA,NA,NA,NA,0,-1,"68",NA,NA,NA,"Meters",NA,3,NA,NA,"VLIZ","Jan Reubens",NA,"120","240","H",120,NA,"240","360","H",239,NA,NA,NA,"L",365,NA,NA,NA,"L",0,NA,"archive:1845",278
"69","1292660","acoustic-archival","animal","pressure","A69-9006-3683",NA,"INNOVASEA","V9TP-2x",NA,"ended",2018-07-01 08:30:00,"354",2019-06-20 08:30:00,NA,NA,NA,NA,NA,0,-1,"68",NA,NA,NA,"Meters",NA,3,NA,NA,"VLIZ","Jan Reubens",NA,"120","240","H",120,NA,"240","360","H",239,NA,NA,NA,"L",365,NA,NA,NA,"L",0,NA,"archive:1846",279
"70","1292660","acoustic-archival","animal","temperature","A69-9006-3682",NA,"INNOVASEA","V9TP-2x",NA,"ended",2018-07-01 08:30:00,"354",2019-06-20 08:30:00,NA,NA,NA,NA,NA,0,-5,"-5 to 35",NA,NA,NA,"°C",NA,1,NA,NA,"VLIZ","Jan Reubens",NA,"120","240","H",120,NA,"240","360","H",239,NA,NA,NA,"L",365,NA,NA,NA,"L",0,NA,"archive:1847",279
"71","1292661","acoustic-archival","animal","pressure","A69-9006-3685",NA,"INNOVASEA","V9TP-2x",NA,"ended",2018-07-01 08:30:00,"354",2019-06-20 08:30:00,NA,NA,NA,NA,NA,0,-1,"68",NA,NA,NA,"Meters",NA,3,NA,NA,"VLIZ","Jan Reubens",NA,"120","240","H",120,NA,"240","360","H",239,NA,NA,NA,"L",365,NA,NA,NA,"L",0,NA,"archive:1848",280
"72","1292661","acoustic-archival","animal","temperature","A69-9006-3684",NA,"INNOVASEA","V9TP-2x",NA,"ended",2018-07-01 08:30:00,"354",2019-06-20 08:30:00,NA,NA,NA,NA,NA,0,-5,"-5 to 35",NA,NA,NA,"°C",NA,1,NA,NA,"VLIZ","Jan Reubens",NA,"120","240","H",120,NA,"240","360","H",239,NA,NA,NA,"L",365,NA,NA,NA,"L",0,NA,"archive:1849",280
"73","1292662","acoustic-archival","animal","temperature","A69-9006-3686",NA,"INNOVASEA","V9TP-2x",NA,"ended",2018-07-01 08:00:00,"354",2019-06-20 08:00:00,NA,NA,NA,NA,NA,0,-5,"-5 to 35",NA,NA,NA,"°C",NA,1,NA,NA,"VLIZ","Jan Reubens",NA,"120","240","H",120,NA,"240","360","H",239,NA,NA,NA,"L",365,NA,NA,NA,"L",0,NA,"archive:1850",281
"74","1292662","acoustic-archival","animal","pressure","A69-9006-3687",NA,"INNOVASEA","V9TP-2x",NA,"ended",2018-07-01 08:00:00,"354",2019-06-20 08:00:00,NA,NA,NA,NA,NA,0,-1,"68",NA,NA,NA,"Meters",NA,3,NA,NA,"VLIZ","Jan Reubens",NA,"120","240","H",120,NA,"240","360","H",239,NA,NA,NA,"L",365,NA,NA,NA,"L",0,NA,"archive:1851",281
"75","1292663","acoustic-archival","animal","pressure","A69-9006-3689",NA,"INNOVASEA","V9TP-2x",NA,"ended",2018-07-01 08:00:00,"354",2019-06-20 08:00:00,NA,NA,NA,NA,NA,0,-1,"68",NA,NA,NA,"Meters",NA,3,NA,NA,"VLIZ","Jan Reubens",NA,"120","240","H",120,NA,"240","360","H",239,NA,NA,NA,"L",365,NA,NA,NA,"L",0,NA,"archive:1852",282
"76","1292663","acoustic-archival","animal","temperature","A69-9006-3688",NA,"INNOVASEA","V9TP-2x",NA,"ended",2018-07-01 08:00:00,"354",2019-06-20 08:00:00,NA,NA,NA,NA,NA,0,-5,"-5 to 35",NA,NA,NA,"°C",NA,1,NA,NA,"VLIZ","Jan Reubens",NA,"120","240","H",120,NA,"240","360","H",239,NA,NA,NA,"L",365,NA,NA,NA,"L",0,NA,"archive:1853",282
"77","1292664","acoustic-archival","animal","temperature","A69-9006-3690",NA,"INNOVASEA","V9TP-2x",NA,"ended",2018-07-01 08:00:00,"354",2019-06-20 08:00:00,NA,NA,NA,NA,NA,0,-5,"-5 to 35",NA,NA,NA,"°C",NA,1,NA,NA,"VLIZ","Jan Reubens",NA,"120","240","H",120,NA,"240","360","H",239,NA,NA,NA,"L",365,NA,NA,NA,"L",0,NA,"archive:1854",283
"78","1292664","acoustic-archival","animal","pressure","A69-9006-3691",NA,"INNOVASEA","V9TP-2x",NA,"ended",2018-07-01 08:00:00,"354",2019-06-20 08:00:00,NA,NA,NA,NA,NA,0,-1,"68",NA,NA,NA,"Meters",NA,3,NA,NA,"VLIZ","Jan Reubens",NA,"120","240","H",120,NA,"240","360","H",239,NA,NA,NA,"L",365,NA,NA,NA,"L",0,NA,"archive:1855",283
"79","1292665","acoustic-archival","animal","pressure","A69-9006-3693",NA,"INNOVASEA","V9TP-2x",NA,"ended",2018-07-01 07:30:00,"354",2019-06-20 07:30:00,NA,NA,NA,NA,NA,0,-1,"68",NA,NA,NA,"Meters",NA,3,NA,NA,"VLIZ","Jan Reubens",NA,"120","240","H",120,NA,"240","360","H",239,NA,NA,NA,"L",365,NA,NA,NA,"L",0,NA,"archive:1856",284
"80","1292665","acoustic-archival","animal","temperature","A69-9006-3692",NA,"INNOVASEA","V9TP-2x",NA,"ended",2018-07-01 07:30:00,"354",2019-06-20 07:30:00,NA,NA,NA,NA,NA,0,-5,"-5 to 35",NA,NA,NA,"°C",NA,1,NA,NA,"VLIZ","Jan Reubens",NA,"120","240","H",120,NA,"240","360","H",239,NA,NA,NA,"L",365,NA,NA,NA,"L",0,NA,"archive:1857",284
"81","1292666","acoustic-archival","animal","temperature","A69-9006-3694",NA,"INNOVASEA","V9TP-2x",NA,"ended",2018-07-01 07:30:00,"354",2019-06-20 07:30:00,NA,NA,NA,NA,NA,0,-5,"-5 to 35",NA,NA,NA,"°C",NA,1,NA,NA,"VLIZ","Jan Reubens",NA,"120","240","H",120,NA,"240","360","H",239,NA,NA,NA,"L",365,NA,NA,NA,"L",0,NA,"archive:1858",285
"82","1292666","acoustic-archival","animal","pressure","A69-9006-3695",NA,"INNOVASEA","V9TP-2x",NA,"ended",2018-07-01 07:30:00,"354",2019-06-20 07:30:00,NA,NA,NA,NA,NA,0,-1,"68",NA,NA,NA,"Meters",NA,3,NA,NA,"VLIZ","Jan Reubens",NA,"120","240","H",120,NA,"240","360","H",239,NA,NA,NA,"L",365,NA,NA,NA,"L",0,NA,"archive:1859",285
"83","1292667","acoustic-archival","animal","pressure","A69-9006-3697",NA,"INNOVASEA","V9TP-2x",NA,"ended",2018-07-01 07:30:00,"354",2019-06-20 07:30:00,NA,NA,NA,NA,NA,0,-1,"68",NA,NA,NA,"Meters",NA,3,NA,NA,"VLIZ","Jan Reubens",NA,"120","240","H",120,NA,"240","360","H",239,NA,NA,NA,"L",365,NA,NA,NA,"L",0,NA,"archive:1860",286
"84","1292667","acoustic-archival","animal","temperature","A69-9006-3696",NA,"INNOVASEA","V9TP-2x",NA,"ended",2018-07-01 07:30:00,"354",2019-06-20 07:30:00,NA,NA,NA,NA,NA,0,-5,"-5 to 35",NA,NA,NA,"°C",NA,1,NA,NA,"VLIZ","Jan Reubens",NA,"120","240","H",120,NA,"240","360","H",239,NA,NA,NA,"L",365,NA,NA,NA,"L",0,NA,"archive:1861",286
"85","1292668","acoustic-archival","animal","pressure","A69-9006-3699",NA,"INNOVASEA","V9TP-2x",NA,"ended",2018-07-01 07:00:00,"354",2019-06-20 07:00:00,NA,NA,NA,NA,NA,0,-1,"68",NA,NA,NA,"Meters",NA,3,NA,NA,"VLIZ","Jan Reubens",NA,"120","240","H",120,NA,"240","360","H",239,NA,NA,NA,"L",365,NA,NA,NA,"L",0,NA,"archive:1862",287
"86","1292668","acoustic-archival","animal","temperature","A69-9006-3698",NA,"INNOVASEA","V9TP-2x",NA,"ended",2018-07-01 07:00:00,"354",2019-06-20 07:00:00,NA,NA,NA,NA,NA,0,-5,"-5 to 35",NA,NA,NA,"°C",NA,1,NA,NA,"VLIZ","Jan Reubens",NA,"120","240","H",120,NA,"240","360","H",239,NA,NA,NA,"L",365,NA,NA,NA,"L",0,NA,"archive:1863",287
"87","1292669","acoustic-archival","animal","pressure","A69-9006-3701",NA,"INNOVASEA","V9TP-2x",NA,"ended",2018-07-01 07:00:00,"354",2019-06-20 07:00:00,NA,NA,NA,NA,NA,0,-1,"68",NA,NA,NA,"Meters",NA,3,NA,NA,"VLIZ","Jan Reubens",NA,"120","240","H",120,NA,"240","360","H",239,NA,NA,NA,"L",365,NA,NA,NA,"L",0,NA,"archive:1864",288
"88","1292669","acoustic-archival","animal","temperature","A69-9006-3700",NA,"INNOVASEA","V9TP-2x",NA,"ended",2018-07-01 07:00:00,"354",2019-06-20 07:00:00,NA,NA,NA,NA,NA,0,-5,"-5 to 35",NA,NA,NA,"°C",NA,1,NA,NA,"VLIZ","Jan Reubens",NA,"120","240","H",120,NA,"240","360","H",239,NA,NA,NA,"L",365,NA,NA,NA,"L",0,NA,"archive:1865",288
"89","1292670","acoustic-archival","animal","pressure","A69-9006-3703",NA,"INNOVASEA","V9TP-2x",NA,"ended",2018-07-01 07:00:00,"354",2019-06-20 07:00:00,NA,NA,NA,NA,NA,0,-1,"68",NA,NA,NA,"Meters",NA,3,NA,NA,"VLIZ","Jan Reubens",NA,"120","240","H",120,NA,"240","360","H",239,NA,NA,NA,"L",365,NA,NA,NA,"L",0,NA,"archive:1866",289
"90","1292670","acoustic-archival","animal","temperature","A69-9006-3702",NA,"INNOVASEA","V9TP-2x",NA,"ended",2018-07-01 07:00:00,"354",2019-06-20 07:00:00,NA,NA,NA,NA,NA,0,-5,"-5 to 35",NA,NA,NA,"°C",NA,1,NA,NA,"VLIZ","Jan Reubens",NA,"120","240","H",120,NA,"240","360","H",239,NA,NA,NA,"L",365,NA,NA,NA,"L",0,NA,"archive:1867",289
"91","1292671","acoustic-archival","animal","pressure","A69-9006-3705",NA,"INNOVASEA","V9TP-2x",NA,"ended",2018-07-01 06:30:00,"354",2019-06-20 06:30:00,NA,NA,NA,NA,NA,0,-1,"68",NA,NA,NA,"Meters",NA,3,NA,NA,"VLIZ","Jan Reubens",NA,"120","240","H",120,NA,"240","360","H",239,NA,NA,NA,"L",365,NA,NA,NA,"L",0,NA,"archive:1868",290
"92","1292671","acoustic-archival","animal","temperature","A69-9006-3704",NA,"INNOVASEA","V9TP-2x",NA,"ended",2018-07-01 06:30:00,"354",2019-06-20 06:30:00,NA,NA,NA,NA,NA,0,-5,"-5 to 35",NA,NA,NA,"°C",NA,1,NA,NA,"VLIZ","Jan Reubens",NA,"120","240","H",120,NA,"240","360","H",239,NA,NA,NA,"L",365,NA,NA,NA,"L",0,NA,"archive:1869",290
"93","1292672","acoustic-archival","animal","pressure","A69-9006-3707",NA,"INNOVASEA","V9TP-2x",NA,"available",NA,"354",2019-06-20 06:00:00,NA,NA,NA,NA,NA,0,-1,"68",NA,NA,NA,"Meters",NA,3,NA,NA,"VLIZ","Jan Reubens",NA,"120","240","H",120,NA,"240","360","H",239,NA,NA,NA,"L",365,NA,NA,NA,"L",0,NA,"archive:1870",291
"94","1292672","acoustic-archival","animal","temperature","A69-9006-3706",NA,"INNOVASEA","V9TP-2x",NA,"available",NA,"354",2019-06-20 06:00:00,NA,NA,NA,NA,NA,0,-5,"-5 to 35",NA,NA,NA,"°C",NA,1,NA,NA,"VLIZ","Jan Reubens",NA,"120","240","H",120,NA,"240","360","H",239,NA,NA,NA,"L",365,NA,NA,NA,"L",0,NA,"archive:1871",291
"95","1292673","acoustic-archival","animal","temperature","A69-9006-3708",NA,"INNOVASEA","V9TP-2x",NA,"available",NA,"354",2019-09-02 11:00:00,NA,NA,NA,NA,NA,0,-5,"-5 to 35",NA,NA,NA,"°C",NA,1,NA,NA,"VLIZ","Jan Reubens",NA,"120","240","H",120,NA,"240","360","H",239,NA,NA,NA,"L",365,NA,NA,NA,"L",0,NA,"archive:1872",292
"96","1292673","acoustic-archival","animal","pressure","A69-9006-3709",NA,"INNOVASEA","V9TP-2x",NA,"available",NA,"354",2019-09-02 11:00:00,NA,NA,NA,NA,NA,0,-1,"68",NA,NA,NA,"Meters",NA,3,NA,NA,"VLIZ","Jan Reubens",NA,"120","240","H",120,NA,"240","360","H",239,NA,NA,NA,"L",365,NA,NA,NA,"L",0,NA,"archive:1873",292
"97","1292674","acoustic-archival","animal","pressure","A69-9006-3711",NA,"INNOVASEA","V9TP-2x",NA,"available",NA,"354",2019-09-02 11:00:00,NA,NA,NA,NA,NA,0,-1,"68",NA,NA,NA,"Meters",NA,3,NA,NA,"VLIZ","Jan Reubens",NA,"120","240","H",120,NA,"240","360","H",239,NA,NA,NA,"L",365,NA,NA,NA,"L",0,NA,"archive:1874",293
"98","1292674","acoustic-archival","animal","temperature","A69-9006-3710",NA,"INNOVASEA","V9TP-2x",NA,"available",NA,"354",2019-09-02 11:00:00,NA,NA,NA,NA,NA,0,-5,"-5 to 35",NA,NA,NA,"°C",NA,1,NA,NA,"VLIZ","Jan Reubens",NA,"120","240","H",120,NA,"240","360","H",239,NA,NA,NA,"L",365,NA,NA,NA,"L",0,NA,"archive:1875",293
"99","1292675","acoustic-archival","animal","pressure","A69-9006-3713",NA,"INNOVASEA","V9TP-2x",NA,"ended",2018-07-19 09:45:00,"354",2019-07-08 09:45:00,NA,NA,NA,NA,NA,0,-1,"68",NA,NA,NA,"Meters",NA,3,NA,NA,"VLIZ","Jan Reubens",NA,"120","240","H",120,NA,"240","360","H",239,NA,NA,NA,"L",365,NA,NA,NA,"L",0,NA,"archive:1876",294
"100","1292675","acoustic-archival","animal","temperature","A69-9006-3712",NA,"INNOVASEA","V9TP-2x",NA,"ended",2018-07-19 09:45:00,"354",2019-07-08 09:45:00,NA,NA,NA,NA,NA,0,-5,"-5 to 35",NA,NA,NA,"°C",NA,1,NA,NA,"VLIZ","Jan Reubens",NA,"120","240","H",120,NA,"240","360","H",239,NA,NA,NA,"L",365,NA,NA,NA,"L",0,NA,"archive:1877",294
"101","1292676","acoustic-archival","animal","temperature","A69-9006-3714",NA,"INNOVASEA","V9TP-2x",NA,"ended",2018-06-07 13:00:00,"354",2019-05-27 13:00:00,NA,NA,NA,NA,NA,0,-5,"-5 to 35",NA,NA,NA,"°C",NA,1,NA,NA,"VLIZ","Jan Reubens",NA,"120","240","H",120,NA,"240","360","H",239,NA,NA,NA,"L",365,NA,NA,NA,"L",0,NA,"archive:1878",295
"102","1292676","acoustic-archival","animal","pressure","A69-9006-3715",NA,"INNOVASEA","V9TP-2x",NA,"ended",2018-06-07 13:00:00,"354",2019-05-27 13:00:00,NA,NA,NA,NA,NA,0,-1,"68",NA,NA,NA,"Meters",NA,3,NA,NA,"VLIZ","Jan Reubens",NA,"120","240","H",120,NA,"240","360","H",239,NA,NA,NA,"L",365,NA,NA,NA,"L",0,NA,"archive:1879",295
"103","1292677","acoustic-archival","animal","pressure","A69-9006-3717",NA,"INNOVASEA","V9TP-2x",NA,"available",NA,"354",2019-05-27 09:00:00,NA,NA,NA,NA,NA,0,-1,"68",NA,NA,NA,"Meters",NA,3,NA,NA,"VLIZ","Jan Reubens",NA,"120","240","H",120,NA,"240","360","H",239,NA,NA,NA,"L",365,NA,NA,NA,"L",0,NA,"archive:1880",296
"104","1292677","acoustic-archival","animal","temperature","A69-9006-3716",NA,"INNOVASEA","V9TP-2x",NA,"available",NA,"354",2019-05-27 09:00:00,NA,NA,NA,NA,NA,0,-5,"-5 to 35",NA,NA,NA,"°C",NA,1,NA,NA,"VLIZ","Jan Reubens",NA,"120","240","H",120,NA,"240","360","H",239,NA,NA,NA,"L",365,NA,NA,NA,"L",0,NA,"archive:1881",296
"105","1293263","acoustic-archival","animal","pressure","A69-9006-3719",NA,"INNOVASEA","V9TP-2x",NA,"ended",2019-10-14 13:00:00,"339",2020-09-17 13:00:00,NA,NA,NA,NA,NA,0,-1,"68",NA,NA,NA,"Meters",NA,3,NA,NA,"VLIZ","Jan Reubens",NA,"240","360","H",90,NA,"120","240","H",150,NA,"240","360","H",104,NA,NA,NA,"L",365,NA,"archive:1882",297
"106","1293263","acoustic-archival","animal","temperature","A69-9006-3718",NA,"INNOVASEA","V9TP-2x",NA,"ended",2019-10-14 13:00:00,"339",2020-09-17 13:00:00,NA,NA,NA,NA,NA,0,-5,"-5 to 35",NA,NA,NA,"°C",NA,1,NA,NA,"VLIZ","Jan Reubens",NA,"240","360","H",90,NA,"120","240","H",150,NA,"240","360","H",104,NA,NA,NA,"L",365,NA,"archive:1883",297
"107","1293264","acoustic-archival","animal","temperature","A69-9006-3720",NA,"INNOVASEA","V9TP-2x",NA,"ended",2019-10-14 13:00:00,"339",2020-09-17 13:00:00,NA,NA,NA,NA,NA,0,-5,"-5 to 35",NA,NA,NA,"°C",NA,1,NA,NA,"VLIZ","Jan Reubens",NA,"240","360","H",90,NA,"120","240","H",150,NA,"240","360","H",104,NA,NA,NA,"L",365,NA,"archive:1884",298
"108","1293264","acoustic-archival","animal","pressure","A69-9006-3721",NA,"INNOVASEA","V9TP-2x",NA,"ended",2019-10-14 13:00:00,"339",2020-09-17 13:00:00,NA,NA,NA,NA,NA,0,-1,"68",NA,NA,NA,"Meters",NA,3,NA,NA,"VLIZ","Jan Reubens",NA,"240","360","H",90,NA,"120","240","H",150,NA,"240","360","H",104,NA,NA,NA,"L",365,NA,"archive:1885",298
"109","1293265","acoustic-archival","animal","temperature","A69-9006-3722",NA,"INNOVASEA","V9TP-2x",NA,"ended",2019-10-14 13:30:00,"339",2020-09-17 13:30:00,NA,NA,NA,NA,NA,0,-5,"-5 to 35",NA,NA,NA,"°C",NA,1,NA,NA,"VLIZ","Jan Reubens",NA,"240","360","H",90,NA,"120","240","H",150,NA,"240","360","H",104,NA,NA,NA,"L",365,NA,"archive:1886",299
"110","1293265","acoustic-archival","animal","pressure","A69-9006-3723",NA,"INNOVASEA","V9TP-2x",NA,"ended",2019-10-14 13:30:00,"339",2020-09-17 13:30:00,NA,NA,NA,NA,NA,0,-1,"68",NA,NA,NA,"Meters",NA,3,NA,NA,"VLIZ","Jan Reubens",NA,"240","360","H",90,NA,"120","240","H",150,NA,"240","360","H",104,NA,NA,NA,"L",365,NA,"archive:1887",299
"111","1293266","acoustic-archival","animal","temperature","A69-9006-3724",NA,"INNOVASEA","V9TP-2x",NA,"ended",2019-10-14 12:30:00,"339",2020-09-17 12:30:00,NA,NA,NA,NA,NA,0,-5,"-5 to 35",NA,NA,NA,"°C",NA,1,NA,NA,"VLIZ","Jan Reubens",NA,"240","360","H",90,NA,"120","240","H",150,NA,"240","360","H",104,NA,NA,NA,"L",365,NA,"archive:1888",300
"112","1293266","acoustic-archival","animal","pressure","A69-9006-3725",NA,"INNOVASEA","V9TP-2x",NA,"ended",2019-10-14 12:30:00,"339",2020-09-17 12:30:00,NA,NA,NA,NA,NA,0,-1,"68",NA,NA,NA,"Meters",NA,3,NA,NA,"VLIZ","Jan Reubens",NA,"240","360","H",90,NA,"120","240","H",150,NA,"240","360","H",104,NA,NA,NA,"L",365,NA,"archive:1889",300
"113","1293267","acoustic-archival","animal","temperature","A69-9006-3726",NA,"INNOVASEA","V9TP-2x",NA,"ended",2019-10-14 10:00:00,"339",2020-09-17 10:00:00,NA,NA,NA,NA,NA,0,-5,"-5 to 35",NA,NA,NA,"°C",NA,1,NA,NA,"VLIZ","Jan Reubens",NA,"240","360","H",90,NA,"120","240","H",150,NA,"240","360","H",104,NA,NA,NA,"L",365,NA,"archive:1890",301
"114","1293267","acoustic-archival","animal","pressure","A69-9006-3727",NA,"INNOVASEA","V9TP-2x",NA,"ended",2019-10-14 10:00:00,"339",2020-09-17 10:00:00,NA,NA,NA,NA,NA,0,-1,"68",NA,NA,NA,"Meters",NA,3,NA,NA,"VLIZ","Jan Reubens",NA,"240","360","H",90,NA,"120","240","H",150,NA,"240","360","H",104,NA,NA,NA,"L",365,NA,"archive:1891",301
"115","1293268","acoustic-archival","animal","pressure","A69-9006-3729",NA,"INNOVASEA","V9TP-2x",NA,"ended",2019-10-14 10:00:00,"339",2020-09-17 10:00:00,NA,NA,NA,NA,NA,0,-1,"68",NA,NA,NA,"Meters",NA,3,NA,NA,"VLIZ","Jan Reubens",NA,"240","360","H",90,NA,"120","240","H",150,NA,"240","360","H",104,NA,NA,NA,"L",365,NA,"archive:1892",302
"116","1293268","acoustic-archival","animal","temperature","A69-9006-3728",NA,"INNOVASEA","V9TP-2x",NA,"ended",2019-10-14 10:00:00,"339",2020-09-17 10:00:00,NA,NA,NA,NA,NA,0,-5,"-5 to 35",NA,NA,NA,"°C",NA,1,NA,NA,"VLIZ","Jan Reubens",NA,"240","360","H",90,NA,"120","240","H",150,NA,"240","360","H",104,NA,NA,NA,"L",365,NA,"archive:1893",302
"117","1293269","acoustic-archival","animal","temperature","A69-9006-3730",NA,"INNOVASEA","V9TP-2x",NA,"ended",2019-10-14 08:30:00,"339",2020-09-17 08:30:00,NA,NA,NA,NA,NA,0,-5,"-5 to 35",NA,NA,NA,"°C",NA,1,NA,NA,"VLIZ","Jan Reubens",NA,"240","360","H",90,NA,"120","240","H",150,NA,"240","360","H",104,NA,NA,NA,"L",365,NA,"archive:1894",303
"118","1293269","acoustic-archival","animal","pressure","A69-9006-3731",NA,"INNOVASEA","V9TP-2x",NA,"ended",2019-10-14 08:30:00,"339",2020-09-17 08:30:00,NA,NA,NA,NA,NA,0,-1,"68",NA,NA,NA,"Meters",NA,3,NA,NA,"VLIZ","Jan Reubens",NA,"240","360","H",90,NA,"120","240","H",150,NA,"240","360","H",104,NA,NA,NA,"L",365,NA,"archive:1895",303
"119","1293270","acoustic-archival","animal","pressure","A69-9006-3733",NA,"INNOVASEA","V9TP-2x",NA,"ended",2019-10-14 08:30:00,"339",2020-09-17 08:30:00,NA,NA,NA,NA,NA,0,-1,"68",NA,NA,NA,"Meters",NA,3,NA,NA,"VLIZ","Jan Reubens",NA,"240","360","H",90,NA,"120","240","H",150,NA,"240","360","H",104,NA,NA,NA,"L",365,NA,"archive:1896",304
"120","1293270","acoustic-archival","animal","temperature","A69-9006-3732",NA,"INNOVASEA","V9TP-2x",NA,"ended",2019-10-14 08:30:00,"339",2020-09-17 08:30:00,NA,NA,NA,NA,NA,0,-5,"-5 to 35",NA,NA,NA,"°C",NA,1,NA,NA,"VLIZ","Jan Reubens",NA,"240","360","H",90,NA,"120","240","H",150,NA,"240","360","H",104,NA,NA,NA,"L",365,NA,"archive:1897",304
"121","1293271","acoustic-archival","animal","temperature","A69-9006-3734",NA,"INNOVASEA","V9TP-2x",NA,"ended",2019-08-21 07:30:00,"339",2020-07-25 07:30:00,NA,NA,NA,NA,NA,0,-5,"-5 to 35",NA,NA,NA,"°C",NA,1,NA,NA,"VLIZ","Jan Reubens",NA,"240","360","H",90,NA,"120","240","H",150,NA,"240","360","H",104,NA,NA,NA,"L",365,NA,"archive:1898",305
"122","1293271","acoustic-archival","animal","pressure","A69-9006-3735",NA,"INNOVASEA","V9TP-2x",NA,"ended",2019-08-21 07:30:00,"339",2020-07-25 07:30:00,NA,NA,NA,NA,NA,0,-1,"68",NA,NA,NA,"Meters",NA,3,NA,NA,"VLIZ","Jan Reubens",NA,"240","360","H",90,NA,"120","240","H",150,NA,"240","360","H",104,NA,NA,NA,"L",365,NA,"archive:1899",305
"123","1293272","acoustic-archival","animal","temperature","A69-9006-3736",NA,"INNOVASEA","V9TP-2x",NA,"ended",2019-08-21 06:30:00,"339",2020-07-25 06:30:00,NA,NA,NA,NA,NA,0,-5,"-5 to 35",NA,NA,NA,"°C",NA,1,NA,NA,"VLIZ","Jan Reubens",NA,"240","360","H",90,NA,"120","240","H",150,NA,"240","360","H",104,NA,NA,NA,"L",365,NA,"archive:1900",306
"124","1293272","acoustic-archival","animal","pressure","A69-9006-3737",NA,"INNOVASEA","V9TP-2x",NA,"ended",2019-08-21 06:30:00,"339",2020-07-25 06:30:00,NA,NA,NA,NA,NA,0,-1,"68",NA,NA,NA,"Meters",NA,3,NA,NA,"VLIZ","Jan Reubens",NA,"240","360","H",90,NA,"120","240","H",150,NA,"240","360","H",104,NA,NA,NA,"L",365,NA,"archive:1901",306
"125","1293273","acoustic-archival","animal","pressure","A69-9006-3739",NA,"INNOVASEA","V9TP-2x",NA,"ended",2019-08-03 06:30:00,"339",2020-07-07 06:30:00,NA,NA,NA,NA,NA,0,-1,"68",NA,NA,NA,"Meters",NA,3,NA,NA,"VLIZ","Jan Reubens",NA,"240","360","H",90,NA,"120","240","H",150,NA,"240","360","H",104,NA,NA,NA,"L",365,NA,"archive:1902",307
"126","1293273","acoustic-archival","animal","temperature","A69-9006-3738",NA,"INNOVASEA","V9TP-2x",NA,"ended",2019-08-03 06:30:00,"339",2020-07-07 06:30:00,NA,NA,NA,NA,NA,0,-5,"-5 to 35",NA,NA,NA,"°C",NA,1,NA,NA,"VLIZ","Jan Reubens",NA,"240","360","H",90,NA,"120","240","H",150,NA,"240","360","H",104,NA,NA,NA,"L",365,NA,"archive:1903",307
"127","1293274","acoustic-archival","animal","pressure","A69-9006-3741",NA,"INNOVASEA","V9TP-2x",NA,"ended",2019-08-21 06:30:00,"339",2020-07-25 06:30:00,NA,NA,NA,NA,NA,0,-1,"68",NA,NA,NA,"Meters",NA,3,NA,NA,"VLIZ","Jan Reubens",NA,"240","360","H",90,NA,"120","240","H",150,NA,"240","360","H",104,NA,NA,NA,"L",365,NA,"archive:1904",308
"128","1293274","acoustic-archival","animal","temperature","A69-9006-3740",NA,"INNOVASEA","V9TP-2x",NA,"ended",2019-08-21 06:30:00,"339",2020-07-25 06:30:00,NA,NA,NA,NA,NA,0,-5,"-5 to 35",NA,NA,NA,"°C",NA,1,NA,NA,"VLIZ","Jan Reubens",NA,"240","360","H",90,NA,"120","240","H",150,NA,"240","360","H",104,NA,NA,NA,"L",365,NA,"archive:1905",308
"129","1293275","acoustic-archival","animal","temperature","A69-9006-3742",NA,"INNOVASEA","V9TP-2x",NA,"ended",2019-08-21 07:30:00,"339",2020-07-25 07:30:00,NA,NA,NA,NA,NA,0,-5,"-5 to 35",NA,NA,NA,"°C",NA,1,NA,NA,"VLIZ","Jan Reubens",NA,"240","360","H",90,NA,"120","240","H",150,NA,"240","360","H",104,NA,NA,NA,"L",365,NA,"archive:1906",309
"130","1293275","acoustic-archival","animal","pressure","A69-9006-3743",NA,"INNOVASEA","V9TP-2x",NA,"ended",2019-08-21 07:30:00,"339",2020-07-25 07:30:00,NA,NA,NA,NA,NA,0,-1,"68",NA,NA,NA,"Meters",NA,3,NA,NA,"VLIZ","Jan Reubens",NA,"240","360","H",90,NA,"120","240","H",150,NA,"240","360","H",104,NA,NA,NA,"L",365,NA,"archive:1907",309
"131","1293276","acoustic-archival","animal","pressure","A69-9006-3745",NA,"INNOVASEA","V9TP-2x",NA,"ended",2019-08-21 08:00:00,"339",2020-07-25 08:00:00,NA,NA,NA,NA,NA,0,-1,"68",NA,NA,NA,"Meters",NA,3,NA,NA,"VLIZ","Jan Reubens",NA,"240","360","H",90,NA,"120","240","H",150,NA,"240","360","H",104,NA,NA,NA,"L",365,NA,"archive:1908",310
"132","1293276","acoustic-archival","animal","temperature","A69-9006-3744",NA,"INNOVASEA","V9TP-2x",NA,"ended",2019-08-21 08:00:00,"339",2020-07-25 08:00:00,NA,NA,NA,NA,NA,0,-5,"-5 to 35",NA,NA,NA,"°C",NA,1,NA,NA,"VLIZ","Jan Reubens",NA,"240","360","H",90,NA,"120","240","H",150,NA,"240","360","H",104,NA,NA,NA,"L",365,NA,"archive:1909",310
"133","1293277","acoustic-archival","animal","pressure","A69-9006-3747",NA,"INNOVASEA","V9TP-2x",NA,"ended",2019-08-03 04:30:00,"339",2020-07-07 04:30:00,NA,NA,NA,NA,NA,0,-1,"68",NA,NA,NA,"Meters",NA,3,NA,NA,"VLIZ","Jan Reubens",NA,"240","360","H",90,NA,"120","240","H",150,NA,"240","360","H",104,NA,NA,NA,"L",365,NA,"archive:1910",311
"134","1293277","acoustic-archival","animal","temperature","A69-9006-3746",NA,"INNOVASEA","V9TP-2x",NA,"ended",2019-08-03 04:30:00,"339",2020-07-07 04:30:00,NA,NA,NA,NA,NA,0,-5,"-5 to 35",NA,NA,NA,"°C",NA,1,NA,NA,"VLIZ","Jan Reubens",NA,"240","360","H",90,NA,"120","240","H",150,NA,"240","360","H",104,NA,NA,NA,"L",365,NA,"archive:1911",311
"135","1293278","acoustic-archival","animal","pressure","A69-9006-3749",NA,"INNOVASEA","V9TP-2x",NA,"ended",2019-08-21 08:30:00,"339",2020-07-25 08:30:00,NA,NA,NA,NA,NA,0,-1,"68",NA,NA,NA,"Meters",NA,3,NA,NA,"VLIZ","Jan Reubens",NA,"240","360","H",90,NA,"120","240","H",150,NA,"240","360","H",104,NA,NA,NA,"L",365,NA,"archive:1912",312
"136","1293278","acoustic-archival","animal","temperature","A69-9006-3748",NA,"INNOVASEA","V9TP-2x",NA,"ended",2019-08-21 08:30:00,"339",2020-07-25 08:30:00,NA,NA,NA,NA,NA,0,-5,"-5 to 35",NA,NA,NA,"°C",NA,1,NA,NA,"VLIZ","Jan Reubens",NA,"240","360","H",90,NA,"120","240","H",150,NA,"240","360","H",104,NA,NA,NA,"L",365,NA,"archive:1913",312
"137","1293279","acoustic-archival","animal","temperature","A69-9006-3750",NA,"INNOVASEA","V9TP-2x",NA,"ended",2019-08-03 04:30:00,"339",2020-07-07 04:30:00,NA,NA,NA,NA,NA,0,-5,"-5 to 35",NA,NA,NA,"°C",NA,1,NA,NA,"VLIZ","Jan Reubens",NA,"240","360","H",90,NA,"120","240","H",150,NA,"240","360","H",104,NA,NA,NA,"L",365,NA,"archive:1914",313
"138","1293279","acoustic-archival","animal","pressure","A69-9006-3751",NA,"INNOVASEA","V9TP-2x",NA,"ended",2019-08-03 04:30:00,"339",2020-07-07 04:30:00,NA,NA,NA,NA,NA,0,-1,"68",NA,NA,NA,"Meters",NA,3,NA,NA,"VLIZ","Jan Reubens",NA,"240","360","H",90,NA,"120","240","H",150,NA,"240","360","H",104,NA,NA,NA,"L",365,NA,"archive:1915",313
"139","1293280","acoustic-archival","animal","temperature","A69-9006-3752",NA,"INNOVASEA","V9TP-2x",NA,"ended",2019-08-21 08:30:00,"339",2020-07-25 08:30:00,NA,NA,NA,NA,NA,0,-5,"-5 to 35",NA,NA,NA,"°C",NA,1,NA,NA,"VLIZ","Jan Reubens",NA,"240","360","H",90,NA,"120","240","H",150,NA,"240","360","H",104,NA,NA,NA,"L",365,NA,"archive:1916",314
"140","1293280","acoustic-archival","animal","pressure","A69-9006-3753",NA,"INNOVASEA","V9TP-2x",NA,"ended",2019-08-21 08:30:00,"339",2020-07-25 08:30:00,NA,NA,NA,NA,NA,0,-1,"68",NA,NA,NA,"Meters",NA,3,NA,NA,"VLIZ","Jan Reubens",NA,"240","360","H",90,NA,"120","240","H",150,NA,"240","360","H",104,NA,NA,NA,"L",365,NA,"archive:1917",314
"141","1293284","acoustic-archival","animal","pressure","A69-9006-3761",NA,"INNOVASEA","V9TP-2x",NA,"ended",2019-10-14 08:00:00,"339",2020-09-17 08:00:00,NA,NA,NA,NA,NA,0,-1,"68",NA,NA,NA,"Meters",NA,3,NA,NA,"VLIZ","Jan Reubens",NA,"240","360","H",90,NA,"120","240","H",150,NA,"240","360","H",104,NA,NA,NA,"L",365,NA,"archive:1924",318
"142","1293284","acoustic-archival","animal","temperature","A69-9006-3760",NA,"INNOVASEA","V9TP-2x",NA,"ended",2019-10-14 08:00:00,"339",2020-09-17 08:00:00,NA,NA,NA,NA,NA,0,-5,"-5 to 35",NA,NA,NA,"°C",NA,1,NA,NA,"VLIZ","Jan Reubens",NA,"240","360","H",90,NA,"120","240","H",150,NA,"240","360","H",104,NA,NA,NA,"L",365,NA,"archive:1925",318
"143","1293285","acoustic-archival","animal","temperature","A69-9006-3762",NA,"INNOVASEA","V9TP-2x",NA,"ended",2019-10-14 07:30:00,"339",2020-09-17 07:30:00,NA,NA,NA,NA,NA,0,-5,"-5 to 35",NA,NA,NA,"°C",NA,1,NA,NA,"VLIZ","Jan Reubens",NA,"240","360","H",90,NA,"120","240","H",150,NA,"240","360","H",104,NA,NA,NA,"L",365,NA,"archive:1926",319
"144","1293285","acoustic-archival","animal","pressure","A69-9006-3763",NA,"INNOVASEA","V9TP-2x",NA,"ended",2019-10-14 07:30:00,"339",2020-09-17 07:30:00,NA,NA,NA,NA,NA,0,-1,"68",NA,NA,NA,"Meters",NA,3,NA,NA,"VLIZ","Jan Reubens",NA,"240","360","H",90,NA,"120","240","H",150,NA,"240","360","H",104,NA,NA,NA,"L",365,NA,"archive:1927",319
"145","1293286","acoustic-archival","animal","pressure","A69-9006-3765",NA,"INNOVASEA","V9TP-2x",NA,"ended",2019-10-14 07:30:00,"339",2020-09-17 07:30:00,NA,NA,NA,NA,NA,0,-1,"68",NA,NA,NA,"Meters",NA,3,NA,NA,"VLIZ","Jan Reubens",NA,"240","360","H",90,NA,"120","240","H",150,NA,"240","360","H",104,NA,NA,NA,"L",365,NA,"archive:1928",320
"146","1293286","acoustic-archival","animal","temperature","A69-9006-3764",NA,"INNOVASEA","V9TP-2x",NA,"ended",2019-10-14 07:30:00,"339",2020-09-17 07:30:00,NA,NA,NA,NA,NA,0,-5,"-5 to 35",NA,NA,NA,"°C",NA,1,NA,NA,"VLIZ","Jan Reubens",NA,"240","360","H",90,NA,"120","240","H",150,NA,"240","360","H",104,NA,NA,NA,"L",365,NA,"archive:1929",320
"147","1293287","acoustic-archival","animal","temperature","A69-9006-3766",NA,"INNOVASEA","V9TP-2x",NA,"ended",2019-10-14 07:00:00,"339",2020-09-17 07:00:00,NA,NA,NA,NA,NA,0,-5,"-5 to 35",NA,NA,NA,"°C",NA,1,NA,NA,"VLIZ","Jan Reubens",NA,"240","360","H",90,NA,"120","240","H",150,NA,"240","360","H",104,NA,NA,NA,"L",365,NA,"archive:1930",321
"148","1293287","acoustic-archival","animal","pressure","A69-9006-3767",NA,"INNOVASEA","V9TP-2x",NA,"ended",2019-10-14 07:00:00,"339",2020-09-17 07:00:00,NA,NA,NA,NA,NA,0,-1,"68",NA,NA,NA,"Meters",NA,3,NA,NA,"VLIZ","Jan Reubens",NA,"240","360","H",90,NA,"120","240","H",150,NA,"240","360","H",104,NA,NA,NA,"L",365,NA,"archive:1931",321
"149","1293288","acoustic-archival","animal","pressure","A69-9006-3769",NA,"INNOVASEA","V9TP-2x",NA,"ended",2019-10-14 06:30:00,"339",2020-09-17 06:30:00,NA,NA,NA,NA,NA,0,-1,"68",NA,NA,NA,"Meters",NA,3,NA,NA,"VLIZ","Jan Reubens",NA,"240","360","H",90,NA,"120","240","H",150,NA,"240","360","H",104,NA,NA,NA,"L",365,NA,"archive:1932",322
"150","1293288","acoustic-archival","animal","temperature","A69-9006-3768",NA,"INNOVASEA","V9TP-2x",NA,"ended",2019-10-14 06:30:00,"339",2020-09-17 06:30:00,NA,NA,NA,NA,NA,0,-5,"-5 to 35",NA,NA,NA,"°C",NA,1,NA,NA,"VLIZ","Jan Reubens",NA,"240","360","H",90,NA,"120","240","H",150,NA,"240","360","H",104,NA,NA,NA,"L",365,NA,"archive:1933",322
"151","1293289","acoustic-archival","animal","temperature","A69-9006-3770",NA,"INNOVASEA","V9TP-2x",NA,"ended",2019-10-12 12:00:00,"339",2020-09-15 12:00:00,NA,NA,NA,NA,NA,0,-5,"-5 to 35",NA,NA,NA,"°C",NA,1,NA,NA,"VLIZ","Jan Reubens",NA,"240","360","H",90,NA,"120","240","H",150,NA,"240","360","H",104,NA,NA,NA,"L",365,NA,"archive:2150",11708
"152","1293289","acoustic-archival","animal","pressure","A69-9006-3771",NA,"INNOVASEA","V9TP-2x",NA,"ended",2019-10-12 12:00:00,"339",2020-09-15 12:00:00,NA,NA,NA,NA,NA,0,-1,"68",NA,NA,NA,"Meters",NA,3,NA,NA,"VLIZ","Jan Reubens",NA,"240","360","H",90,NA,"120","240","H",150,NA,"240","360","H",104,NA,NA,NA,"L",365,NA,"archive:3343",11708
"153","1293290","acoustic-archival","animal","temperature","A69-9006-3772",NA,"INNOVASEA","V9TP-2x",NA,"ended",2019-10-12 10:30:00,"339",2020-09-15 10:30:00,NA,NA,NA,NA,NA,0,-5,"-5 to 35",NA,NA,NA,"°C",NA,1,NA,NA,"VLIZ","Jan Reubens",NA,"240","360","H",90,NA,"120","240","H",150,NA,"240","360","H",104,NA,NA,NA,"L",365,NA,"archive:2152",11710
"154","1293290","acoustic-archival","animal","pressure","A69-9006-3773",NA,"INNOVASEA","V9TP-2x",NA,"ended",2019-10-12 10:30:00,"339",2020-09-15 10:30:00,NA,NA,NA,NA,NA,0,-1,"68",NA,NA,NA,"Meters",NA,3,NA,NA,"VLIZ","Jan Reubens",NA,"240","360","H",90,NA,"120","240","H",150,NA,"240","360","H",104,NA,NA,NA,"L",365,NA,"archive:3350",11710
"155","1293291","acoustic-archival","animal","temperature","A69-9006-3774",NA,"INNOVASEA","V9TP-2x",NA,"ended",2019-10-05 10:00:00,"339",2020-09-08 10:00:00,NA,NA,NA,NA,NA,0,-5,"-5 to 35",NA,NA,NA,"°C",NA,1,NA,NA,"VLIZ","Jan Reubens",NA,"240","360","H",90,NA,"120","240","H",150,NA,"240","360","H",104,NA,NA,NA,"L",365,NA,"archive:1934",323
"156","1293291","acoustic-archival","animal","pressure","A69-9006-3775",NA,"INNOVASEA","V9TP-2x",NA,"ended",2019-10-05 10:00:00,"339",2020-09-08 10:00:00,NA,NA,NA,NA,NA,0,-1,"68",NA,NA,NA,"Meters",NA,3,NA,NA,"VLIZ","Jan Reubens",NA,"240","360","H",90,NA,"120","240","H",150,NA,"240","360","H",104,NA,NA,NA,"L",365,NA,"archive:1935",323
"157","1293292","acoustic-archival","animal","pressure","A69-9006-3777",NA,"INNOVASEA","V9TP-2x",NA,"ended",2019-10-14 09:00:00,"339",2020-09-17 09:00:00,NA,NA,NA,NA,NA,0,-1,"68",NA,NA,NA,"Meters",NA,3,NA,NA,"VLIZ","Jan Reubens",NA,"240","360","H",90,NA,"120","240","H",150,NA,"240","360","H",104,NA,NA,NA,"L",365,NA,"archive:1936",324
"158","1293292","acoustic-archival","animal","temperature","A69-9006-3776",NA,"INNOVASEA","V9TP-2x",NA,"ended",2019-10-14 09:00:00,"339",2020-09-17 09:00:00,NA,NA,NA,NA,NA,0,-5,"-5 to 35",NA,NA,NA,"°C",NA,1,NA,NA,"VLIZ","Jan Reubens",NA,"240","360","H",90,NA,"120","240","H",150,NA,"240","360","H",104,NA,NA,NA,"L",365,NA,"archive:1937",324
"159","1350779","acoustic-archival","animal","P","A69-9006-10808",NA,"INNOVASEA","V9P-2x","069k","active",NA,"502",2021-12-22 09:30:00,NA,NA,NA,NA,NA,0.1504,-0.6018,"34",NA,NA,NA,NA,NA,NA,NA,NA,"VLIZ","Jolien Goossens",NA,"180","280","H",153,NA,"300","400","L",120,NA,"300","400","H",229,NA,NA,NA,"L",0,NA,"acoustic:9298",728
"160","1350780","acoustic-archival","animal","P","A69-9006-10809",NA,"INNOVASEA","V9P-2x","069k","active",NA,"502",2021-12-22 09:30:00,NA,NA,NA,NA,NA,0.1504,-0.6018,"34",NA,NA,NA,NA,NA,NA,NA,NA,"VLIZ","Jolien Goossens",NA,"180","280","H",153,NA,"300","400","L",120,NA,"300","400","H",229,NA,NA,NA,"L",0,NA,"acoustic:9299",729
"161","1350781","acoustic-archival","animal","P","A69-9006-10810",NA,"INNOVASEA","V9P-2x","069k","active",NA,"502",2021-12-26 10:00:00,NA,NA,NA,NA,NA,0.1504,-0.6018,"34",NA,NA,NA,NA,NA,NA,NA,NA,"VLIZ","Jolien Goossens",NA,"180","280","H",153,NA,"300","400","L",120,NA,"300","400","H",229,NA,NA,NA,"L",0,NA,"acoustic:9300",730
"162","1350782","acoustic-archival","animal","P","A69-9006-10811",NA,"INNOVASEA","V9P-2x","069k","active",NA,"502",2022-01-26 09:00:00,NA,NA,NA,NA,NA,0.1504,-0.6018,"34",NA,NA,NA,NA,NA,NA,NA,NA,"VLIZ","Jolien Goossens",NA,"180","280","H",153,NA,"300","400","L",120,NA,"300","400","H",229,NA,NA,NA,"L",0,NA,"acoustic:9301",731
"163","1350783","acoustic-archival","animal","P","A69-9006-10812",NA,"INNOVASEA","V9P-2x","069k","active",NA,"502",2022-01-26 11:00:00,NA,NA,NA,NA,NA,0.1504,-0.6018,"34",NA,NA,NA,NA,NA,NA,NA,NA,"VLIZ","Jolien Goossens",NA,"180","280","H",153,NA,"300","400","L",120,NA,"300","400","H",229,NA,NA,NA,"L",0,NA,"acoustic:9302",732
"164","1350784","acoustic-archival","animal","P","A69-9006-10813",NA,"INNOVASEA","V9P-2x","069k","active",NA,"502",2021-12-22 04:30:00,NA,NA,NA,NA,NA,0.1504,-0.6018,"34",NA,NA,NA,NA,NA,NA,NA,NA,"VLIZ","Jolien Goossens",NA,"180","280","H",153,NA,"300","400","L",120,NA,"300","400","H",229,NA,NA,NA,"L",0,NA,"acoustic:9303",733
"165","1350785","acoustic-archival","animal","P","A69-9006-10814",NA,"INNOVASEA","V9P-2x","069k","active",NA,"502",2021-12-22 06:15:00,NA,NA,NA,NA,NA,0.1504,-0.6018,"34",NA,NA,NA,NA,NA,NA,NA,NA,"VLIZ","Jolien Goossens",NA,"180","280","H",153,NA,"300","400","L",120,NA,"300","400","H",229,NA,NA,NA,"L",0,NA,"acoustic:9304",734
"166","1350786","acoustic-archival","animal","P","A69-9006-10815",NA,"INNOVASEA","V9P-2x","069k","active",NA,"502",2021-12-22 08:05:00,NA,NA,NA,NA,NA,0.1504,-0.6018,"34",NA,NA,NA,NA,NA,NA,NA,NA,"VLIZ","Jolien Goossens",NA,"180","280","H",153,NA,"300","400","L",120,NA,"300","400","H",229,NA,NA,NA,"L",0,NA,"acoustic:9305",735
"167","1350787","acoustic-archival","animal","P","A69-9006-10816",NA,"INNOVASEA","V9P-2x","069k","active",NA,"502",2021-12-22 07:35:00,NA,NA,NA,NA,NA,0.1504,-0.6018,"34",NA,NA,NA,NA,NA,NA,NA,NA,"VLIZ","Jolien Goossens",NA,"180","280","H",153,NA,"300","400","L",120,NA,"300","400","H",229,NA,NA,NA,"L",0,NA,"acoustic:9306",736
"168","1350788","acoustic-archival","animal","P","A69-9006-10817",NA,"INNOVASEA","V9P-2x","069k","active",NA,"502",2021-12-22 06:25:00,NA,NA,NA,NA,NA,0.1504,-0.6018,"34",NA,NA,NA,NA,NA,NA,NA,NA,"VLIZ","Jolien Goossens",NA,"180","280","H",153,NA,"300","400","L",120,NA,"300","400","H",229,NA,NA,NA,"L",0,NA,"acoustic:9307",737
"169","1400185","acoustic-archival","animal","temperature","A69-9006-11099",NA,"INNOVASEA","ADST-2x",NA,"ended",2020-08-07 05:30:00,"400",2021-09-11 05:30:00,NA,NA,NA,NA,NA,0,-5,"-5 to 35",NA,NA,NA,"°C",NA,1,NA,NA,"VLIZ","Jolien Goossens",NA,"180","200","H",120,NA,"300","400","H",280,NA,NA,NA,"L",365,NA,NA,NA,"L",0,NA,"archive:1998",846
"170","1400185","acoustic-archival","animal","pressure","A69-9006-11100",NA,"INNOVASEA","ADST-2x",NA,"ended",2020-08-07 05:30:00,"400",2021-09-11 05:30:00,NA,NA,NA,NA,NA,0,-1,"68",NA,NA,NA,"m",NA,9,NA,NA,"VLIZ","Jolien Goossens",NA,"180","200","H",120,NA,"300","400","H",280,NA,NA,NA,"L",365,NA,NA,NA,"L",0,NA,"archive:1999",846
"171","1400186","acoustic-archival","animal","temperature","A69-9006-11101",NA,"INNOVASEA","ADST-2x",NA,"ended",2020-08-07 08:15:00,"400",2021-09-11 08:15:00,NA,NA,NA,NA,NA,0,-5,"-5 to 35",NA,NA,NA,"°C",NA,1,NA,NA,"VLIZ","Jolien Goossens",NA,"180","200","H",120,NA,"300","400","H",280,NA,NA,NA,"L",365,NA,NA,NA,"L",0,NA,"archive:2000",847
"172","1400186","acoustic-archival","animal","pressure","A69-9006-11102",NA,"INNOVASEA","ADST-2x",NA,"ended",2020-08-07 08:15:00,"400",2021-09-11 08:15:00,NA,NA,NA,NA,NA,0,-1,"68",NA,NA,NA,"m",NA,9,NA,NA,"VLIZ","Jolien Goossens",NA,"180","200","H",120,NA,"300","400","H",280,NA,NA,NA,"L",365,NA,NA,NA,"L",0,NA,"archive:2001",847
"173","1400187","acoustic-archival","animal","pressure","A69-9006-11104",NA,"INNOVASEA","ADST-2x",NA,"active",NA,"400",2021-09-11 09:45:00,NA,NA,NA,NA,NA,0,-1,"68",NA,NA,NA,"m",NA,9,NA,NA,"VLIZ","Jolien Goossens",NA,"180","200","H",120,NA,"300","400","H",280,NA,NA,NA,"L",365,NA,NA,NA,"L",0,NA,"archive:2002",848
"174","1400187","acoustic-archival","animal","temperature","A69-9006-11103",NA,"INNOVASEA","ADST-2x",NA,"active",NA,"400",2021-09-11 09:45:00,NA,NA,NA,NA,NA,0,-5,"-5 to 35",NA,NA,NA,"°C",NA,1,NA,NA,"VLIZ","Jolien Goossens",NA,"180","200","H",120,NA,"300","400","H",280,NA,NA,NA,"L",365,NA,NA,NA,"L",0,NA,"archive:2003",848
"175","1400188","acoustic-archival","animal","temperature","A69-9006-11105",NA,"INNOVASEA","ADST-2x",NA,"active",2021-09-13 10:00:00,"400",2022-10-18 10:00:00,NA,NA,NA,NA,NA,0,-5,"-5 to 35",NA,NA,NA,"°C",NA,1,NA,NA,"VLIZ","Jolien Goossens",NA,"180","200","H",120,NA,"300","400","H",280,NA,NA,NA,"L",365,NA,NA,NA,"L",0,NA,"archive:2004",849
"176","1400188","acoustic-archival","animal","pressure","A69-9006-11106",NA,"INNOVASEA","ADST-2x",NA,"active",2021-09-13 10:00:00,"400",2022-10-18 10:00:00,NA,NA,NA,NA,NA,0,-1,"68",NA,NA,NA,"m",NA,9,NA,NA,"VLIZ","Jolien Goossens",NA,"180","200","H",120,NA,"300","400","H",280,NA,NA,NA,"L",365,NA,NA,NA,"L",0,NA,"archive:2005",849
"177","1400189","acoustic-archival","animal","pressure","A69-9006-11108",NA,"INNOVASEA","ADST-2x",NA,"active",2021-09-13 11:00:00,"400",2022-10-18 11:00:00,NA,NA,NA,NA,NA,0,-1,"68",NA,NA,NA,"m",NA,9,NA,NA,"VLIZ","Jolien Goossens",NA,"180","200","H",120,NA,"300","400","H",280,NA,NA,NA,"L",365,NA,NA,NA,"L",0,NA,"archive:2006",850
"178","1400189","acoustic-archival","animal","temperature","A69-9006-11107",NA,"INNOVASEA","ADST-2x",NA,"active",2021-09-13 11:00:00,"400",2022-10-18 11:00:00,NA,NA,NA,NA,NA,0,-5,"-5 to 35",NA,NA,NA,"°C",NA,1,NA,NA,"VLIZ","Jolien Goossens",NA,"180","200","H",120,NA,"300","400","H",280,NA,NA,NA,"L",365,NA,NA,NA,"L",0,NA,"archive:2007",850
"179","1400190","acoustic-archival","animal","pressure","A69-9006-11110",NA,"INNOVASEA","ADST-2x",NA,"active",2021-09-13 12:00:00,"400",2022-10-18 12:00:00,NA,NA,NA,NA,NA,0,-1,"68",NA,NA,NA,"m",NA,9,NA,NA,"VLIZ","Jolien Goossens",NA,"180","200","H",120,NA,"300","400","H",280,NA,NA,NA,"L",365,NA,NA,NA,"L",0,NA,"archive:2008",851
"180","1400190","acoustic-archival","animal","temperature","A69-9006-11109",NA,"INNOVASEA","ADST-2x",NA,"active",2021-09-13 12:00:00,"400",2022-10-18 12:00:00,NA,NA,NA,NA,NA,0,-5,"-5 to 35",NA,NA,NA,"°C",NA,1,NA,NA,"VLIZ","Jolien Goossens",NA,"180","200","H",120,NA,"300","400","H",280,NA,NA,NA,"L",365,NA,NA,NA,"L",0,NA,"archive:2009",851
"181","1400191","acoustic-archival","animal","pressure","A69-9006-11112",NA,"INNOVASEA","ADST-2x",NA,"retrieved",2021-09-13 10:30:00,"400",2022-10-18 10:30:00,NA,NA,NA,NA,NA,0,-1,"68",NA,NA,NA,"m",NA,9,NA,NA,"VLIZ","Jolien Goossens",NA,"180","200","H",120,NA,"300","400","H",280,NA,NA,NA,"L",365,NA,NA,NA,"L",0,NA,"archive:2010",852
"182","1400191","acoustic-archival","animal","temperature","A69-9006-11111",NA,"INNOVASEA","ADST-2x",NA,"retrieved",2021-09-13 10:30:00,"400",2022-10-18 10:30:00,NA,NA,NA,NA,NA,0,-5,"-5 to 35",NA,NA,NA,"°C",NA,1,NA,NA,"VLIZ","Jolien Goossens",NA,"180","200","H",120,NA,"300","400","H",280,NA,NA,NA,"L",365,NA,NA,NA,"L",0,NA,"archive:2011",852
"183","1400192","acoustic-archival","animal","pressure","A69-9006-11114",NA,"INNOVASEA","ADST-2x",NA,"ended",2020-09-11 08:30:00,"400",2021-10-16 08:30:00,NA,NA,NA,NA,NA,0,-1,"68",NA,NA,NA,"m",NA,9,NA,NA,"VLIZ","Jolien Goossens",NA,"180","200","H",120,NA,"300","400","H",280,NA,NA,NA,"L",365,NA,NA,NA,"L",0,NA,"archive:2012",853
"184","1400192","acoustic-archival","animal","temperature","A69-9006-11113",NA,"INNOVASEA","ADST-2x",NA,"ended",2020-09-11 08:30:00,"400",2021-10-16 08:30:00,NA,NA,NA,NA,NA,0,-5,"-5 to 35",NA,NA,NA,"°C",NA,1,NA,NA,"VLIZ","Jolien Goossens",NA,"180","200","H",120,NA,"300","400","H",280,NA,NA,NA,"L",365,NA,NA,NA,"L",0,NA,"archive:2013",853
"185","1400193","acoustic-archival","animal","temperature","A69-9006-11115",NA,"INNOVASEA","ADST-2x",NA,"ended",2020-09-11 08:00:00,"400",2021-10-16 08:00:00,NA,NA,NA,NA,NA,0,-5,"-5 to 35",NA,NA,NA,"°C",NA,1,NA,NA,"VLIZ","Jolien Goossens",NA,"180","200","H",120,NA,"300","400","H",280,NA,NA,NA,"L",365,NA,NA,NA,"L",0,NA,"archive:2014",854
"186","1400193","acoustic-archival","animal","pressure","A69-9006-11116",NA,"INNOVASEA","ADST-2x",NA,"ended",2020-09-11 08:00:00,"400",2021-10-16 08:00:00,NA,NA,NA,NA,NA,0,-1,"68",NA,NA,NA,"m",NA,9,NA,NA,"VLIZ","Jolien Goossens",NA,"180","200","H",120,NA,"300","400","H",280,NA,NA,NA,"L",365,NA,NA,NA,"L",0,NA,"archive:2015",854
"187","1400194","acoustic-archival","animal","temperature","A69-9006-11117",NA,"INNOVASEA","ADST-2x",NA,"active",2021-09-13 12:00:00,"400",2022-10-18 12:00:00,NA,NA,NA,NA,NA,0,-5,"-5 to 35",NA,NA,NA,"°C",NA,1,NA,NA,"VLIZ","Jolien Goossens",NA,"180","200","H",120,NA,"300","400","H",280,NA,NA,NA,"L",365,NA,NA,NA,"L",0,NA,"archive:2016",855
"188","1400194","acoustic-archival","animal","pressure","A69-9006-11118",NA,"INNOVASEA","ADST-2x",NA,"active",2021-09-13 12:00:00,"400",2022-10-18 12:00:00,NA,NA,NA,NA,NA,0,-1,"68",NA,NA,NA,"m",NA,9,NA,NA,"VLIZ","Jolien Goossens",NA,"180","200","H",120,NA,"300","400","H",280,NA,NA,NA,"L",365,NA,NA,NA,"L",0,NA,"archive:2017",855
"189","1400195","acoustic-archival","animal","pressure","A69-9006-11120",NA,"INNOVASEA","ADST-2x",NA,"active",2021-09-13 11:30:00,"400",2022-10-18 11:30:00,NA,NA,NA,NA,NA,0,-1,"68",NA,NA,NA,"m",NA,9,NA,NA,"VLIZ","Jolien Goossens",NA,"180","200","H",120,NA,"300","400","H",280,NA,NA,NA,"L",365,NA,NA,NA,"L",0,NA,"archive:2018",856
"190","1400195","acoustic-archival","animal","temperature","A69-9006-11119",NA,"INNOVASEA","ADST-2x",NA,"active",2021-09-13 11:30:00,"400",2022-10-18 11:30:00,NA,NA,NA,NA,NA,0,-5,"-5 to 35",NA,NA,NA,"°C",NA,1,NA,NA,"VLIZ","Jolien Goossens",NA,"180","200","H",120,NA,"300","400","H",280,NA,NA,NA,"L",365,NA,NA,NA,"L",0,NA,"archive:2019",856
"191","1400196","acoustic-archival","animal","pressure","A69-9006-11122",NA,"INNOVASEA","ADST-2x",NA,"active",2021-09-13 11:00:00,"400",2022-10-18 11:00:00,NA,NA,NA,NA,NA,0,-1,"68",NA,NA,NA,"m",NA,9,NA,NA,"VLIZ","Jolien Goossens",NA,"180","200","H",120,NA,"300","400","H",280,NA,NA,NA,"L",365,NA,NA,NA,"L",0,NA,"archive:2020",857
"192","1400196","acoustic-archival","animal","temperature","A69-9006-11121",NA,"INNOVASEA","ADST-2x",NA,"active",2021-09-13 11:00:00,"400",2022-10-18 11:00:00,NA,NA,NA,NA,NA,0,-5,"-5 to 35",NA,NA,NA,"°C",NA,1,NA,NA,"VLIZ","Jolien Goossens",NA,"180","200","H",120,NA,"300","400","H",280,NA,NA,NA,"L",365,NA,NA,NA,"L",0,NA,"archive:2021",857
"193","1400197","acoustic-archival","animal","pressure","A69-9006-11124",NA,"INNOVASEA","ADST-2x",NA,"ended",2020-08-18 19:20:00,"400",2021-09-22 19:20:00,NA,NA,NA,NA,NA,0,-1,"68",NA,NA,NA,"m",NA,9,NA,NA,"VLIZ","Jolien Goossens",NA,"180","200","H",120,NA,"300","400","H",280,NA,NA,NA,"L",365,NA,NA,NA,"L",0,NA,"archive:2022",858
"194","1400197","acoustic-archival","animal","temperature","A69-9006-11123",NA,"INNOVASEA","ADST-2x",NA,"ended",2020-08-18 19:20:00,"400",2021-09-22 19:20:00,NA,NA,NA,NA,NA,0,-5,"-5 to 35",NA,NA,NA,"°C",NA,1,NA,NA,"VLIZ","Jolien Goossens",NA,"180","200","H",120,NA,"300","400","H",280,NA,NA,NA,"L",365,NA,NA,NA,"L",0,NA,"archive:2023",858
"195","1400198","acoustic-archival","animal","temperature","A69-9006-11125",NA,"INNOVASEA","ADST-2x",NA,"available",2022-05-16 05:53:00,"400",2023-06-20 05:53:00,NA,NA,NA,NA,NA,0,-5,"-5 to 35",NA,NA,NA,"°C",NA,1,NA,NA,"VLIZ","Jolien Goossens",NA,"180","200","H",120,NA,"300","400","H",280,NA,NA,NA,"L",365,NA,NA,NA,"L",0,NA,"archive:2024",859
"196","1400198","acoustic-archival","animal","pressure","A69-9006-11126",NA,"INNOVASEA","ADST-2x",NA,"available",2022-05-16 05:53:00,"400",2023-06-20 05:53:00,NA,NA,NA,NA,NA,0,-1,"68",NA,NA,NA,"m",NA,9,NA,NA,"VLIZ","Jolien Goossens",NA,"180","200","H",120,NA,"300","400","H",280,NA,NA,NA,"L",365,NA,NA,NA,"L",0,NA,"archive:2025",859
"197","1400199","acoustic-archival","animal","pressure","A69-9006-11128",NA,"INNOVASEA","ADST-2x",NA,"active",2022-05-16 06:02:00,"400",2023-06-20 06:02:00,NA,NA,NA,NA,NA,0,-1,"68",NA,NA,NA,"m",NA,9,NA,NA,"VLIZ","Jolien Goossens",NA,"180","200","H",120,NA,"300","400","H",280,NA,NA,NA,"L",365,NA,NA,NA,"L",0,NA,"archive:2026",860
"198","1400199","acoustic-archival","animal","temperature","A69-9006-11127",NA,"INNOVASEA","ADST-2x",NA,"active",2022-05-16 06:02:00,"400",2023-06-20 06:02:00,NA,NA,NA,NA,NA,0,-5,"-5 to 35",NA,NA,NA,"°C",NA,1,NA,NA,"VLIZ","Jolien Goossens",NA,"180","200","H",120,NA,"300","400","H",280,NA,NA,NA,"L",365,NA,NA,NA,"L",0,NA,"archive:2027",860
"199","1400200","acoustic-archival","animal","temperature","A69-9006-11129",NA,"INNOVASEA","ADST-2x",NA,"active",2022-05-16 10:12:00,"400",2023-06-20 10:12:00,NA,NA,NA,NA,NA,0,-5,"-5 to 35",NA,NA,NA,"°C",NA,1,NA,NA,"VLIZ","Jolien Goossens",NA,"180","200","H",120,NA,"300","400","H",280,NA,NA,NA,"L",365,NA,NA,NA,"L",0,NA,"archive:2028",861
"200","1400200","acoustic-archival","animal","pressure","A69-9006-11130",NA,"INNOVASEA","ADST-2x",NA,"active",2022-05-16 10:12:00,"400",2023-06-20 10:12:00,NA,NA,NA,NA,NA,0,-1,"68",NA,NA,NA,"m",NA,9,NA,NA,"VLIZ","Jolien Goossens",NA,"180","200","H",120,NA,"300","400","H",280,NA,NA,NA,"L",365,NA,NA,NA,"L",0,NA,"archive:2029",861
"201","1400201","acoustic-archival","animal","temperature","A69-9006-11131",NA,"INNOVASEA","ADST-2x",NA,"ended",2020-06-19 11:00:00,"400",2021-07-24 11:00:00,NA,NA,NA,NA,NA,0,-5,"-5 to 35",NA,NA,NA,"°C",NA,1,NA,NA,"VLIZ","Jolien Goossens",NA,"180","200","H",120,NA,"300","400","H",280,NA,NA,NA,"L",365,NA,NA,NA,"L",0,NA,"archive:2030",862
"202","1400201","acoustic-archival","animal","pressure","A69-9006-11132",NA,"INNOVASEA","ADST-2x",NA,"ended",2020-06-19 11:00:00,"400",2021-07-24 11:00:00,NA,NA,NA,NA,NA,0,-1,"68",NA,NA,NA,"m",NA,9,NA,NA,"VLIZ","Jolien Goossens",NA,"180","200","H",120,NA,"300","400","H",280,NA,NA,NA,"L",365,NA,NA,NA,"L",0,NA,"archive:2031",862
"203","1400202","acoustic-archival","animal","temperature","A69-9006-11133",NA,"INNOVASEA","ADST-2x",NA,"ended",2020-08-18 19:15:00,"400",2021-09-22 19:15:00,NA,NA,NA,NA,NA,0,-5,"-5 to 35",NA,NA,NA,"°C",NA,1,NA,NA,"VLIZ","Jolien Goossens",NA,"180","200","H",120,NA,"300","400","H",280,NA,NA,NA,"L",365,NA,NA,NA,"L",0,NA,"archive:2032",863
"204","1400202","acoustic-archival","animal","pressure","A69-9006-11134",NA,"INNOVASEA","ADST-2x",NA,"ended",2020-08-18 19:15:00,"400",2021-09-22 19:15:00,NA,NA,NA,NA,NA,0,-1,"68",NA,NA,NA,"m",NA,9,NA,NA,"VLIZ","Jolien Goossens",NA,"180","200","H",120,NA,"300","400","H",280,NA,NA,NA,"L",365,NA,NA,NA,"L",0,NA,"archive:2033",863
"205","1400203","acoustic-archival","animal","temperature","A69-9006-11135",NA,"INNOVASEA","ADST-2x",NA,"available",2022-05-16 06:15:00,"400",2023-06-20 06:15:00,NA,NA,NA,NA,NA,0,-5,"-5 to 35",NA,NA,NA,"°C",NA,1,NA,NA,"VLIZ","Jolien Goossens",NA,"180","200","H",120,NA,"300","400","H",280,NA,NA,NA,"L",365,NA,NA,NA,"L",0,NA,"archive:2034",864
"206","1400203","acoustic-archival","animal","pressure","A69-9006-11136",NA,"INNOVASEA","ADST-2x",NA,"available",2022-05-16 06:15:00,"400",2023-06-20 06:15:00,NA,NA,NA,NA,NA,0,-1,"68",NA,NA,NA,"m",NA,9,NA,NA,"VLIZ","Jolien Goossens",NA,"180","200","H",120,NA,"300","400","H",280,NA,NA,NA,"L",365,NA,NA,NA,"L",0,NA,"archive:2035",864
"207","1400204","acoustic-archival","animal","pressure","A69-9006-11138",NA,"INNOVASEA","ADST-2x",NA,"active",2022-05-16 05:28:00,"400",2023-06-20 05:28:00,NA,NA,NA,NA,NA,0,-1,"68",NA,NA,NA,"m",NA,9,NA,NA,"VLIZ","Jolien Goossens",NA,"180","200","H",120,NA,"300","400","H",280,NA,NA,NA,"L",365,NA,NA,NA,"L",0,NA,"archive:2036",865
"208","1400204","acoustic-archival","animal","temperature","A69-9006-11137",NA,"INNOVASEA","ADST-2x",NA,"active",2022-05-16 05:28:00,"400",2023-06-20 05:28:00,NA,NA,NA,NA,NA,0,-5,"-5 to 35",NA,NA,NA,"°C",NA,1,NA,NA,"VLIZ","Jolien Goossens",NA,"180","200","H",120,NA,"300","400","H",280,NA,NA,NA,"L",365,NA,NA,NA,"L",0,NA,"archive:2037",865
"209","1400205","acoustic-archival","animal","pressure","A69-9006-11140",NA,"INNOVASEA","ADST-2x",NA,"available",2022-05-16 07:22:00,"400",2023-06-20 07:22:00,NA,NA,NA,NA,NA,0,-1,"68",NA,NA,NA,"m",NA,9,NA,NA,"VLIZ","Jolien Goossens",NA,"180","200","H",120,NA,"300","400","H",280,NA,NA,NA,"L",365,NA,NA,NA,"L",0,NA,"archive:2038",866
"210","1400205","acoustic-archival","animal","temperature","A69-9006-11139",NA,"INNOVASEA","ADST-2x",NA,"available",2022-05-16 07:22:00,"400",2023-06-20 07:22:00,NA,NA,NA,NA,NA,0,-5,"-5 to 35",NA,NA,NA,"°C",NA,1,NA,NA,"VLIZ","Jolien Goossens",NA,"180","200","H",120,NA,"300","400","H",280,NA,NA,NA,"L",365,NA,NA,NA,"L",0,NA,"archive:2039",866
"211","1400206","acoustic-archival","animal","temperature","A69-9006-11141",NA,"INNOVASEA","ADST-2x",NA,"active",2021-09-13 10:00:00,"400",2022-10-18 10:00:00,NA,NA,NA,NA,NA,0,-5,"-5 to 35",NA,NA,NA,"°C",NA,1,NA,NA,"VLIZ","Jolien Goossens",NA,"180","200","H",120,NA,"300","400","H",280,NA,NA,NA,"L",365,NA,NA,NA,"L",0,NA,"archive:2040",867
"212","1400206","acoustic-archival","animal","pressure","A69-9006-11142",NA,"INNOVASEA","ADST-2x",NA,"active",2021-09-13 10:00:00,"400",2022-10-18 10:00:00,NA,NA,NA,NA,NA,0,-1,"68",NA,NA,NA,"m",NA,9,NA,NA,"VLIZ","Jolien Goossens",NA,"180","200","H",120,NA,"300","400","H",280,NA,NA,NA,"L",365,NA,NA,NA,"L",0,NA,"archive:2041",867
"213","1400207","acoustic-archival","animal","pressure","A69-9006-11144",NA,"INNOVASEA","ADST-2x",NA,"ended",2020-08-14 09:30:00,"400",2021-09-18 09:30:00,NA,NA,NA,NA,NA,0,-1,"68",NA,NA,NA,"m",NA,9,NA,NA,"VLIZ","Jolien Goossens",NA,"180","200","H",120,NA,"300","400","H",280,NA,NA,NA,"L",365,NA,NA,NA,"L",0,NA,"archive:2042",868
"214","1400207","acoustic-archival","animal","temperature","A69-9006-11143",NA,"INNOVASEA","ADST-2x",NA,"ended",2020-08-14 09:30:00,"400",2021-09-18 09:30:00,NA,NA,NA,NA,NA,0,-5,"-5 to 35",NA,NA,NA,"°C",NA,1,NA,NA,"VLIZ","Jolien Goossens",NA,"180","200","H",120,NA,"300","400","H",280,NA,NA,NA,"L",365,NA,NA,NA,"L",0,NA,"archive:2043",868
"215","1400208","acoustic-archival","animal","temperature","A69-9006-11145",NA,"INNOVASEA","ADST-2x",NA,"active",NA,"400",2021-09-17 11:30:00,NA,NA,NA,NA,NA,0,-5,"-5 to 35",NA,NA,NA,"°C",NA,1,NA,NA,"VLIZ","Jolien Goossens",NA,"180","200","H",120,NA,"300","400","H",280,NA,NA,NA,"L",365,NA,NA,NA,"L",0,NA,"archive:2044",869
"216","1400208","acoustic-archival","animal","pressure","A69-9006-11146",NA,"INNOVASEA","ADST-2x",NA,"active",NA,"400",2021-09-17 11:30:00,NA,NA,NA,NA,NA,0,-1,"68",NA,NA,NA,"m",NA,9,NA,NA,"VLIZ","Jolien Goossens",NA,"180","200","H",120,NA,"300","400","H",280,NA,NA,NA,"L",365,NA,NA,NA,"L",0,NA,"archive:2045",869
"217","1400209","acoustic-archival","animal","temperature","A69-9006-11147",NA,"INNOVASEA","ADST-2x",NA,"ended",2020-06-19 12:30:00,"400",2021-07-24 12:30:00,NA,NA,NA,NA,NA,0,-5,"-5 to 35",NA,NA,NA,"°C",NA,1,NA,NA,"VLIZ","Jolien Goossens",NA,"180","200","H",120,NA,"300","400","H",280,NA,NA,NA,"L",365,NA,NA,NA,"L",0,NA,"archive:2046",870
"218","1400209","acoustic-archival","animal","pressure","A69-9006-11148",NA,"INNOVASEA","ADST-2x",NA,"ended",2020-06-19 12:30:00,"400",2021-07-24 12:30:00,NA,NA,NA,NA,NA,0,-1,"68",NA,NA,NA,"m",NA,9,NA,NA,"VLIZ","Jolien Goossens",NA,"180","200","H",120,NA,"300","400","H",280,NA,NA,NA,"L",365,NA,NA,NA,"L",0,NA,"archive:2047",870
"219","1400210","acoustic-archival","animal","temperature","A69-9006-11149",NA,"INNOVASEA","ADST-2x",NA,"ended",2020-10-19 08:30:00,"425",2021-12-18 08:30:00,NA,NA,NA,NA,NA,0,-5,"-5 to 35",NA,NA,NA,"°C",NA,1,NA,NA,"VLIZ","Jan Reubens",NA,"180","280","H",70,NA,"300","400","H",355,NA,NA,NA,"L",365,NA,NA,NA,"L",0,NA,"archive:2048",871
"220","1400210","acoustic-archival","animal","pressure","A69-9006-11150",NA,"INNOVASEA","ADST-2x",NA,"ended",2020-10-19 08:30:00,"425",2021-12-18 08:30:00,NA,NA,NA,NA,NA,0,-1,"68",NA,NA,NA,"m",NA,9,NA,NA,"VLIZ","Jan Reubens",NA,"180","280","H",70,NA,"300","400","H",355,NA,NA,NA,"L",365,NA,NA,NA,"L",0,NA,"archive:2049",871
"221","1400211","acoustic-archival","animal","pressure","A69-9006-11152",NA,"INNOVASEA","ADST-2x",NA,"ended",2021-09-13 09:00:00,"425",2022-11-12 09:00:00,NA,NA,NA,NA,NA,0,-1,"68",NA,NA,NA,"m",NA,9,NA,NA,"INBO","Jan Reubens",NA,"180","280","H",70,NA,"300","400","H",355,NA,NA,NA,"L",365,NA,NA,NA,"L",0,NA,"archive:2050",872
"222","1400211","acoustic-archival","animal","temperature","A69-9006-11151",NA,"INNOVASEA","ADST-2x",NA,"ended",2021-09-13 09:00:00,"425",2022-11-12 09:00:00,NA,NA,NA,NA,NA,0,-5,"-5 to 35",NA,NA,NA,"°C",NA,1,NA,NA,"INBO","Jan Reubens",NA,"180","280","H",70,NA,"300","400","H",355,NA,NA,NA,"L",365,NA,NA,NA,"L",0,NA,"archive:2051",872
"223","1400212","acoustic-archival","animal","pressure","A69-9006-11154",NA,"INNOVASEA","ADST-2x",NA,"active",2021-09-13 09:00:00,"425",2022-11-12 09:00:00,NA,NA,NA,NA,NA,0,-1,"68",NA,NA,NA,"m",NA,9,NA,NA,"VLIZ","Jan Reubens",NA,"180","280","H",70,NA,"300","400","H",355,NA,NA,NA,"L",365,NA,NA,NA,"L",0,NA,"archive:2052",873
"224","1400212","acoustic-archival","animal","temperature","A69-9006-11153",NA,"INNOVASEA","ADST-2x",NA,"active",2021-09-13 09:00:00,"425",2022-11-12 09:00:00,NA,NA,NA,NA,NA,0,-5,"-5 to 35",NA,NA,NA,"°C",NA,1,NA,NA,"VLIZ","Jan Reubens",NA,"180","280","H",70,NA,"300","400","H",355,NA,NA,NA,"L",365,NA,NA,NA,"L",0,NA,"archive:2053",873
"225","1400213","acoustic-archival","animal","temperature","A69-9006-11155",NA,"INNOVASEA","ADST-2x",NA,"active",2021-09-13 08:30:00,"425",2022-11-12 08:30:00,NA,NA,NA,NA,NA,0,-5,"-5 to 35",NA,NA,NA,"°C",NA,1,NA,NA,"VLIZ","Jan Reubens",NA,"180","280","H",70,NA,"300","400","H",355,NA,NA,NA,"L",365,NA,NA,NA,"L",0,NA,"archive:2054",874
"226","1400213","acoustic-archival","animal","pressure","A69-9006-11156",NA,"INNOVASEA","ADST-2x",NA,"active",2021-09-13 08:30:00,"425",2022-11-12 08:30:00,NA,NA,NA,NA,NA,0,-1,"68",NA,NA,NA,"m",NA,9,NA,NA,"VLIZ","Jan Reubens",NA,"180","280","H",70,NA,"300","400","H",355,NA,NA,NA,"L",365,NA,NA,NA,"L",0,NA,"archive:2055",874
"227","1400214","acoustic-archival","animal","pressure","A69-9006-11158",NA,"INNOVASEA","ADST-2x",NA,"ended",2021-09-13 09:30:00,"425",2022-11-12 09:30:00,NA,NA,NA,NA,NA,0,-1,"68",NA,NA,NA,"m",NA,9,NA,NA,"VLIZ","Jan Reubens",NA,"180","280","H",70,NA,"300","400","H",355,NA,NA,NA,"L",365,NA,NA,NA,"L",0,NA,"archive:2056",875
"228","1400214","acoustic-archival","animal","temperature","A69-9006-11157",NA,"INNOVASEA","ADST-2x",NA,"ended",2021-09-13 09:30:00,"425",2022-11-12 09:30:00,NA,NA,NA,NA,NA,0,-5,"-5 to 35",NA,NA,NA,"°C",NA,1,NA,NA,"VLIZ","Jan Reubens",NA,"180","280","H",70,NA,"300","400","H",355,NA,NA,NA,"L",365,NA,NA,NA,"L",0,NA,"archive:2057",875
"229","1400215","acoustic-archival","animal","temperature","A69-9006-11159",NA,"INNOVASEA","ADST-2x",NA,"ended",2020-10-19 14:20:00,"425",2021-12-18 14:20:00,NA,NA,NA,NA,NA,0,-5,"-5 to 35",NA,NA,NA,"°C",NA,1,NA,NA,"VLIZ","Jan Reubens",NA,"180","280","H",70,NA,"300","400","H",355,NA,NA,NA,"L",365,NA,NA,NA,"L",0,NA,"archive:2058",876
"230","1400215","acoustic-archival","animal","pressure","A69-9006-11160",NA,"INNOVASEA","ADST-2x",NA,"ended",2020-10-19 14:20:00,"425",2021-12-18 14:20:00,NA,NA,NA,NA,NA,0,-1,"68",NA,NA,NA,"m",NA,9,NA,NA,"VLIZ","Jan Reubens",NA,"180","280","H",70,NA,"300","400","H",355,NA,NA,NA,"L",365,NA,NA,NA,"L",0,NA,"archive:2059",876
"231","1400216","acoustic-archival","animal","temperature","A69-9006-11161",NA,"INNOVASEA","ADST-2x",NA,"ended",2020-10-17 11:30:00,"425",2021-12-16 11:30:00,NA,NA,NA,NA,NA,0,-5,"-5 to 35",NA,NA,NA,"°C",NA,1,NA,NA,"VLIZ","Jan Reubens",NA,"180","280","H",70,NA,"300","400","H",355,NA,NA,NA,"L",365,NA,NA,NA,"L",0,NA,"archive:2060",877
"232","1400216","acoustic-archival","animal","pressure","A69-9006-11162",NA,"INNOVASEA","ADST-2x",NA,"ended",2020-10-17 11:30:00,"425",2021-12-16 11:30:00,NA,NA,NA,NA,NA,0,-1,"68",NA,NA,NA,"m",NA,9,NA,NA,"VLIZ","Jan Reubens",NA,"180","280","H",70,NA,"300","400","H",355,NA,NA,NA,"L",365,NA,NA,NA,"L",0,NA,"archive:2061",877
"233","1400217","acoustic-archival","animal","temperature","A69-9006-11163",NA,"INNOVASEA","ADST-2x",NA,"ended",2020-10-19 14:30:00,"425",2021-12-18 14:30:00,NA,NA,NA,NA,NA,0,-5,"-5 to 35",NA,NA,NA,"°C",NA,1,NA,NA,"VLIZ","Jan Reubens",NA,"180","280","H",70,NA,"300","400","H",355,NA,NA,NA,"L",365,NA,NA,NA,"L",0,NA,"archive:2062",878
"234","1400217","acoustic-archival","animal","pressure","A69-9006-11164",NA,"INNOVASEA","ADST-2x",NA,"ended",2020-10-19 14:30:00,"425",2021-12-18 14:30:00,NA,NA,NA,NA,NA,0,-1,"68",NA,NA,NA,"m",NA,9,NA,NA,"VLIZ","Jan Reubens",NA,"180","280","H",70,NA,"300","400","H",355,NA,NA,NA,"L",365,NA,NA,NA,"L",0,NA,"archive:2063",878
"235","1400218","acoustic-archival","animal","pressure","A69-9006-11166",NA,"INNOVASEA","ADST-2x",NA,"active",2021-09-13 09:30:00,"425",2022-11-12 09:30:00,NA,NA,NA,NA,NA,0,-1,"68",NA,NA,NA,"m",NA,9,NA,NA,"VLIZ","Jan Reubens",NA,"180","280","H",70,NA,"300","400","H",355,NA,NA,NA,"L",365,NA,NA,NA,"L",0,NA,"archive:2064",879
"236","1400218","acoustic-archival","animal","temperature","A69-9006-11165",NA,"INNOVASEA","ADST-2x",NA,"active",2021-09-13 09:30:00,"425",2022-11-12 09:30:00,NA,NA,NA,NA,NA,0,-5,"-5 to 35",NA,NA,NA,"°C",NA,1,NA,NA,"VLIZ","Jan Reubens",NA,"180","280","H",70,NA,"300","400","H",355,NA,NA,NA,"L",365,NA,NA,NA,"L",0,NA,"archive:2065",879
"237","1400219","acoustic-archival","animal","temperature","A69-9006-11167",NA,"INNOVASEA","ADST-2x",NA,"ended",2020-10-19 14:45:00,"425",2021-12-18 14:45:00,NA,NA,NA,NA,NA,0,-5,"-5 to 35",NA,NA,NA,"°C",NA,1,NA,NA,"VLIZ","Jan Reubens",NA,"180","280","H",70,NA,"300","400","H",355,NA,NA,NA,"L",365,NA,NA,NA,"L",0,NA,"archive:2066",880
"238","1400219","acoustic-archival","animal","pressure","A69-9006-11168",NA,"INNOVASEA","ADST-2x",NA,"ended",2020-10-19 14:45:00,"425",2021-12-18 14:45:00,NA,NA,NA,NA,NA,0,-1,"68",NA,NA,NA,"m",NA,9,NA,NA,"VLIZ","Jan Reubens",NA,"180","280","H",70,NA,"300","400","H",355,NA,NA,NA,"L",365,NA,NA,NA,"L",0,NA,"archive:2067",880
"239","1400220","acoustic-archival","animal","temperature","A69-9006-11169",NA,"INNOVASEA","ADST-2x",NA,"ended",2020-10-19 15:15:00,"425",2021-12-18 15:15:00,NA,NA,NA,NA,NA,0,-5,"-5 to 35",NA,NA,NA,"°C",NA,1,NA,NA,"VLIZ","Jan Reubens",NA,"180","280","H",70,NA,"300","400","H",355,NA,NA,NA,"L",365,NA,NA,NA,"L",0,NA,"archive:2068",881
"240","1400220","acoustic-archival","animal","pressure","A69-9006-11170",NA,"INNOVASEA","ADST-2x",NA,"ended",2020-10-19 15:15:00,"425",2021-12-18 15:15:00,NA,NA,NA,NA,NA,0,-1,"68",NA,NA,NA,"m",NA,9,NA,NA,"VLIZ","Jan Reubens",NA,"180","280","H",70,NA,"300","400","H",355,NA,NA,NA,"L",365,NA,NA,NA,"L",0,NA,"archive:2069",881
"241","1400221","acoustic-archival","animal","temperature","A69-9006-11171",NA,"INNOVASEA","ADST-2x",NA,"ended",2020-10-19 13:45:00,"425",2021-12-18 13:45:00,NA,NA,NA,NA,NA,0,-5,"-5 to 35",NA,NA,NA,"°C",NA,1,NA,NA,"VLIZ","Jan Reubens",NA,"180","280","H",70,NA,"300","400","H",355,NA,NA,NA,"L",365,NA,NA,NA,"L",0,NA,"archive:2070",882
"242","1400221","acoustic-archival","animal","pressure","A69-9006-11172",NA,"INNOVASEA","ADST-2x",NA,"ended",2020-10-19 13:45:00,"425",2021-12-18 13:45:00,NA,NA,NA,NA,NA,0,-1,"68",NA,NA,NA,"m",NA,9,NA,NA,"VLIZ","Jan Reubens",NA,"180","280","H",70,NA,"300","400","H",355,NA,NA,NA,"L",365,NA,NA,NA,"L",0,NA,"archive:2071",882
"243","1400222","acoustic-archival","animal","temperature","A69-9006-11173",NA,"INNOVASEA","ADST-2x",NA,"ended",2020-10-19 13:55:00,"425",2021-12-18 13:55:00,NA,NA,NA,NA,NA,0,-5,"-5 to 35",NA,NA,NA,"°C",NA,1,NA,NA,"VLIZ","Jan Reubens",NA,"180","280","H",70,NA,"300","400","H",355,NA,NA,NA,"L",365,NA,NA,NA,"L",0,NA,"archive:2072",883
"244","1400222","acoustic-archival","animal","pressure","A69-9006-11174",NA,"INNOVASEA","ADST-2x",NA,"ended",2020-10-19 13:55:00,"425",2021-12-18 13:55:00,NA,NA,NA,NA,NA,0,-1,"68",NA,NA,NA,"m",NA,9,NA,NA,"VLIZ","Jan Reubens",NA,"180","280","H",70,NA,"300","400","H",355,NA,NA,NA,"L",365,NA,NA,NA,"L",0,NA,"archive:2073",883
"245","1400223","acoustic-archival","animal","pressure","A69-9006-11176",NA,"INNOVASEA","ADST-2x",NA,"ended",2020-10-19 14:10:00,"425",2021-12-18 14:10:00,NA,NA,NA,NA,NA,0,-1,"68",NA,NA,NA,"m",NA,9,NA,NA,"VLIZ","Jan Reubens",NA,"180","280","H",70,NA,"300","400","H",355,NA,NA,NA,"L",365,NA,NA,NA,"L",0,NA,"archive:2074",884
"246","1400223","acoustic-archival","animal","temperature","A69-9006-11175",NA,"INNOVASEA","ADST-2x",NA,"ended",2020-10-19 14:10:00,"425",2021-12-18 14:10:00,NA,NA,NA,NA,NA,0,-5,"-5 to 35",NA,NA,NA,"°C",NA,1,NA,NA,"VLIZ","Jan Reubens",NA,"180","280","H",70,NA,"300","400","H",355,NA,NA,NA,"L",365,NA,NA,NA,"L",0,NA,"archive:2075",884
"247","1400224","acoustic-archival","animal","pressure","A69-9006-11178",NA,"INNOVASEA","ADST-2x",NA,"ended",2020-10-19 13:15:00,"425",2021-12-18 13:15:00,NA,NA,NA,NA,NA,0,-1,"68",NA,NA,NA,"m",NA,9,NA,NA,"VLIZ","Jan Reubens",NA,"180","280","H",70,NA,"300","400","H",355,NA,NA,NA,"L",365,NA,NA,NA,"L",0,NA,"archive:2076",885
"248","1400224","acoustic-archival","animal","temperature","A69-9006-11177",NA,"INNOVASEA","ADST-2x",NA,"ended",2020-10-19 13:15:00,"425",2021-12-18 13:15:00,NA,NA,NA,NA,NA,0,-5,"-5 to 35",NA,NA,NA,"°C",NA,1,NA,NA,"VLIZ","Jan Reubens",NA,"180","280","H",70,NA,"300","400","H",355,NA,NA,NA,"L",365,NA,NA,NA,"L",0,NA,"archive:2077",885
"249","1400225","acoustic-archival","animal","temperature","A69-9006-11179",NA,"INNOVASEA","ADST-2x",NA,"ended",2020-10-19 16:15:00,"425",2021-12-18 16:15:00,NA,NA,NA,NA,NA,0,-5,"-5 to 35",NA,NA,NA,"°C",NA,1,NA,NA,"VLIZ","Jan Reubens",NA,"180","280","H",70,NA,"300","400","H",355,NA,NA,NA,"L",365,NA,NA,NA,"L",0,NA,"archive:2078",886
"250","1400225","acoustic-archival","animal","pressure","A69-9006-11180",NA,"INNOVASEA","ADST-2x",NA,"ended",2020-10-19 16:15:00,"425",2021-12-18 16:15:00,NA,NA,NA,NA,NA,0,-1,"68",NA,NA,NA,"m",NA,9,NA,NA,"VLIZ","Jan Reubens",NA,"180","280","H",70,NA,"300","400","H",355,NA,NA,NA,"L",365,NA,NA,NA,"L",0,NA,"archive:2079",886
"251","1400226","acoustic-archival","animal","pressure","A69-9006-11182",NA,"INNOVASEA","ADST-2x",NA,"ended",2020-10-19 15:40:00,"425",2021-12-18 15:40:00,NA,NA,NA,NA,NA,0,-1,"68",NA,NA,NA,"m",NA,9,NA,NA,"VLIZ","Jan Reubens",NA,"180","280","H",70,NA,"300","400","H",355,NA,NA,NA,"L",365,NA,NA,NA,"L",0,NA,"archive:2080",887
"252","1400226","acoustic-archival","animal","temperature","A69-9006-11181",NA,"INNOVASEA","ADST-2x",NA,"ended",2020-10-19 15:40:00,"425",2021-12-18 15:40:00,NA,NA,NA,NA,NA,0,-5,"-5 to 35",NA,NA,NA,"°C",NA,1,NA,NA,"VLIZ","Jan Reubens",NA,"180","280","H",70,NA,"300","400","H",355,NA,NA,NA,"L",365,NA,NA,NA,"L",0,NA,"archive:2081",887
"253","1400227","acoustic-archival","animal","pressure","A69-9006-11184",NA,"INNOVASEA","ADST-2x",NA,"active",2021-09-13 09:00:00,"425",2022-11-12 09:00:00,NA,NA,NA,NA,NA,0,-1,"68",NA,NA,NA,"m",NA,9,NA,NA,"INBO","Jan Reubens",NA,"180","280","H",70,NA,"300","400","H",355,NA,NA,NA,"L",365,NA,NA,NA,"L",0,NA,"archive:2082",888
"254","1400227","acoustic-archival","animal","temperature","A69-9006-11183",NA,"INNOVASEA","ADST-2x",NA,"active",2021-09-13 09:00:00,"425",2022-11-12 09:00:00,NA,NA,NA,NA,NA,0,-5,"-5 to 35",NA,NA,NA,"°C",NA,1,NA,NA,"INBO","Jan Reubens",NA,"180","280","H",70,NA,"300","400","H",355,NA,NA,NA,"L",365,NA,NA,NA,"L",0,NA,"archive:2083",888
"255","1400228","acoustic-archival","animal","pressure","A69-9006-11186",NA,"INNOVASEA","ADST-2x",NA,"ended",2020-10-19 14:55:00,"425",2021-12-18 14:55:00,NA,NA,NA,NA,NA,0,-1,"68",NA,NA,NA,"m",NA,9,NA,NA,"VLIZ","Jan Reubens",NA,"180","280","H",70,NA,"300","400","H",355,NA,NA,NA,"L",365,NA,NA,NA,"L",0,NA,"archive:2084",889
"256","1400228","acoustic-archival","animal","temperature","A69-9006-11185",NA,"INNOVASEA","ADST-2x",NA,"ended",2020-10-19 14:55:00,"425",2021-12-18 14:55:00,NA,NA,NA,NA,NA,0,-5,"-5 to 35",NA,NA,NA,"°C",NA,1,NA,NA,"VLIZ","Jan Reubens",NA,"180","280","H",70,NA,"300","400","H",355,NA,NA,NA,"L",365,NA,NA,NA,"L",0,NA,"archive:2085",889
"257","1400229","acoustic-archival","animal","pressure","A69-9006-11188",NA,"INNOVASEA","ADST-2x",NA,"ended",2020-10-19 15:05:00,"425",2021-12-18 15:05:00,NA,NA,NA,NA,NA,0,-1,"68",NA,NA,NA,"m",NA,9,NA,NA,"VLIZ","Jan Reubens",NA,"180","280","H",70,NA,"300","400","H",355,NA,NA,NA,"L",365,NA,NA,NA,"L",0,NA,"archive:2086",890
"258","1400229","acoustic-archival","animal","temperature","A69-9006-11187",NA,"INNOVASEA","ADST-2x",NA,"ended",2020-10-19 15:05:00,"425",2021-12-18 15:05:00,NA,NA,NA,NA,NA,0,-5,"-5 to 35",NA,NA,NA,"°C",NA,1,NA,NA,"VLIZ","Jan Reubens",NA,"180","280","H",70,NA,"300","400","H",355,NA,NA,NA,"L",365,NA,NA,NA,"L",0,NA,"archive:2087",890
"259","1400230","acoustic-archival","animal","temperature","A69-9006-11189",NA,"INNOVASEA","ADST-2x",NA,"active",2021-12-15 12:45:00,"425",2023-02-13 12:45:00,NA,NA,NA,NA,NA,0,-5,"-5 to 35",NA,NA,NA,"°C",NA,1,NA,NA,"VLIZ","Jan Reubens",NA,"180","280","H",70,NA,"300","400","H",355,NA,NA,NA,"L",365,NA,NA,NA,"L",0,NA,"archive:2088",891
"260","1400230","acoustic-archival","animal","pressure","A69-9006-11190",NA,"INNOVASEA","ADST-2x",NA,"active",2021-12-15 12:45:00,"425",2023-02-13 12:45:00,NA,NA,NA,NA,NA,0,-1,"68",NA,NA,NA,"m",NA,9,NA,NA,"VLIZ","Jan Reubens",NA,"180","280","H",70,NA,"300","400","H",355,NA,NA,NA,"L",365,NA,NA,NA,"L",0,NA,"archive:2089",891
"261","1400231","acoustic-archival","animal","pressure","A69-9006-11192",NA,"INNOVASEA","ADST-2x",NA,"ended",2020-10-19 15:50:00,"425",2021-12-18 15:50:00,NA,NA,NA,NA,NA,0,-1,"68",NA,NA,NA,"m",NA,9,NA,NA,"VLIZ","Jan Reubens",NA,"180","280","H",70,NA,"300","400","H",355,NA,NA,NA,"L",365,NA,NA,NA,"L",0,NA,"archive:2090",892
"262","1400231","acoustic-archival","animal","temperature","A69-9006-11191",NA,"INNOVASEA","ADST-2x",NA,"ended",2020-10-19 15:50:00,"425",2021-12-18 15:50:00,NA,NA,NA,NA,NA,0,-5,"-5 to 35",NA,NA,NA,"°C",NA,1,NA,NA,"VLIZ","Jan Reubens",NA,"180","280","H",70,NA,"300","400","H",355,NA,NA,NA,"L",365,NA,NA,NA,"L",0,NA,"archive:2091",892
"263","1400232","acoustic-archival","animal","temperature","A69-9006-11193",NA,"INNOVASEA","ADST-2x",NA,"ended",2020-10-19 13:40:00,"425",2019-10-30 13:40:00,NA,NA,NA,NA,NA,0,-5,"-5 to 35",NA,NA,NA,"°C",NA,1,NA,NA,"VLIZ","Jan Reubens",NA,"180","280","H",70,NA,"300","400","H",355,NA,NA,NA,"L",365,NA,NA,NA,"L",0,NA,"archive:2154",11756
"264","1400232","acoustic-archival","animal","pressure","A69-9006-11194",NA,"INNOVASEA","ADST-2x",NA,"ended",2020-10-19 13:40:00,"425",2019-10-30 13:40:00,NA,NA,NA,NA,NA,0,-1,"68",NA,NA,NA,"m",NA,9,NA,NA,"VLIZ","Jan Reubens",NA,"180","280","H",70,NA,"300","400","H",355,NA,NA,NA,"L",365,NA,NA,NA,"L",0,NA,"archive:3338",11756
